roundness,perimeter_ratio_to_diameter,compactness,eccentricity,aspect_ratio,rectangularity,narrow_factor,perimeter_ratio_major_minor,hu_1,hu_2,hu_3,hu_4,hu_5,hu_6,hu7,mean_R,mean_G,mean_B,std_R,std_G,std_B,skewness_R,skewness_G,skewness_B,kurtosis_R,kurtosis_G,kurtosis_B,contrast,correlation,energy,homogeneity,class
0.44435,3.4551,5.3179,0.75574,1.527,0.7795300000000001,1.0997,2.296,0.17493,0.004889,2e-05,1e-06,0.0,0.0,0.0,81.93,84.492,18.192999999999998,14.632,14.718,18.725,0.32702,0.26289,1.1246,6.3169,6.1726,4.2484,0.12161,0.98829,0.31033,0.9422,1
0.45813999999999994,3.4213,5.2373,0.74651,1.5029,0.77988,1.1027,2.2654,0.17377,0.0045049999999999995,2e-06,0.0,0.0,0.0,0.0,71.186,79.22399999999999,0.67092,20.459,19.413,5.3617,0.1003,0.10654000000000001,11.262,4.1593,4.1451,163.0,0.16684000000000002,0.9858299999999999,0.20670999999999998,0.92156,1
0.44937,3.4332,5.2881,0.72838,1.4595,0.76203,1.113,2.2675,0.1759,0.004033,2e-06,0.0,0.0,0.0,0.0,77.506,81.73899999999999,4.2004,20.320999999999998,20.16,12.049000000000001,-0.25256999999999996,-0.25588,3.8261,4.1055,3.9133,20.500999999999998,0.12946,0.9890100000000001,0.23931999999999998,0.9390799999999999,1
0.53894,3.3678,4.8287,0.72555,1.4531,0.78256,1.0522,2.0991,0.17102,0.003732,4e-06,0.0,0.0,0.0,0.0,71.83,77.059,3.3107,18.34,17.335,10.443,-0.11659000000000001,-0.075956,4.2707,4.5744,4.2495,25.535999999999998,0.17439000000000002,0.9839100000000001,0.22171,0.9199200000000001,1
0.41198999999999997,3.5554,5.5228,0.78036,1.5991,0.77304,1.08,2.3625,0.17985,0.0061990000000000005,9.7e-05,1.3000000000000001e-05,0.0,1e-06,0.0,76.955,76.005,25.285,18.083,18.708,24.355,0.2838,0.13374,0.7455,4.463,4.4064,2.7111,0.14554,0.98803,0.22229000000000002,0.93045,1
0.4871,3.2524,5.0792,0.75369,1.5215,0.7790199999999999,1.1174,2.193,0.1748,0.004808,9e-06,1e-06,0.0,0.0,0.0,79.247,87.068,2.4622,17.595,16.983,8.704,-0.14517,-0.046325,5.3247,4.2869,4.0439,41.155,0.13939000000000001,0.98679,0.2674,0.93619,1
0.45385,3.2239,5.2620000000000005,0.8002600000000001,1.6676,0.77736,1.1144,2.2459,0.18229,0.007373,2.3e-05,3e-06,0.0,0.0,0.0,84.227,86.132,25.656999999999996,16.734,17.051,22.129,-0.038928,-0.19960999999999998,0.53461,4.067,4.1492,2.5019,0.12352,0.98879,0.26103000000000004,0.94194,1
0.42868999999999996,3.3388,5.4142,0.79632,1.6532,0.7774300000000001,1.112,2.3134,0.18153,0.007103,7.5e-05,6e-06,0.0,0.0,0.0,83.24799999999999,81.479,29.788,16.832,17.793,22.855999999999998,-0.18753,-0.41953,0.31567,3.9303,4.3777,2.3786,0.12004000000000001,0.98969,0.26538,0.9436,1
0.47475,3.2248,5.1448,0.77828,1.5926,0.7790199999999999,1.1158,2.2104,0.17815,0.00599,2.1e-05,1e-06,0.0,0.0,0.0,81.44800000000001,85.024,11.477,17.500999999999998,17.897000000000002,17.715,-0.23393000000000003,-0.39121999999999996,1.6185,3.9802,4.0287,5.1664,0.12816,0.98849,0.26178,0.93989,1
0.44286000000000003,3.3602,5.3269,0.7874899999999999,1.6225,0.77556,1.0959999999999999,2.2785,0.18042,0.006575,4.8e-05,5e-06,0.0,0.0,0.0,81.235,84.184,10.800999999999998,17.726,17.75,17.346,-0.045869,-0.13509000000000002,1.815,4.1741,3.9792,6.1162,0.12680999999999998,0.98906,0.26043,0.9408799999999999,1
0.4102,3.3971,5.5349,0.7693,1.5652,0.77662,1.1477,2.3789,0.17737999999999998,0.005558,3.6e-05,3e-06,0.0,0.0,0.0,85.971,91.26,20.82,19.129,18.602999999999998,22.4,-0.15137,-0.32685,0.9510799999999999,4.7695,4.6928,3.2994,0.12190999999999999,0.98877,0.25251,0.94206,1
0.46798999999999996,3.4549,5.1819,0.74849,1.508,0.77995,1.0787,2.2408,0.17398,0.004582999999999999,2.8999999999999997e-05,3e-06,0.0,0.0,0.0,85.26,87.45100000000001,19.464000000000002,15.982999999999999,16.212,20.229,-0.31331,-0.3079,0.86719,5.2288,4.9238,3.1471,0.1203,0.98835,0.27846,0.9425100000000001,1
0.42973999999999996,3.1943,5.4076,0.82824,1.7845,0.77542,1.1159,2.2845,0.18899999999999997,0.009734999999999999,8.8e-05,1e-05,0.0,1e-06,0.0,80.012,80.624,17.276,18.445999999999998,18.689,22.564,-0.1353,-0.27008000000000004,1.1355,3.7105,3.8793,3.2539999999999996,0.14607,0.98785,0.22816999999999998,0.9307700000000001,1
0.47308,3.0572,5.1539,0.81643,1.7318,0.78023,1.1316,2.193,0.18498,0.00855,3e-06,0.0,0.0,0.0,0.0,86.175,94.84200000000001,3.4493,18.49,17.718,9.9996,-0.515,-0.52031,3.9425,4.445,4.3534,22.973000000000003,0.11596,0.9889399999999999,0.27402,0.94547,1
0.35108,3.5907,5.9827,0.7874800000000001,1.6225,0.7751899999999999,1.1517,2.5585,0.18051,0.006581,3e-06,1e-06,0.0,0.0,0.0,82.544,86.26799999999999,18.465999999999998,17.245,17.295,20.217,0.33898,0.059226,1.0958,5.1332,4.973,3.7389,0.13744,0.98621,0.27154,0.9361,1
0.45621999999999996,3.252,5.2483,0.7765,1.587,0.7761899999999999,1.1287,2.2516,0.17852,0.005936,2.7000000000000002e-05,3e-06,0.0,0.0,0.0,74.744,77.14699999999999,6.1317,17.451,17.69,13.814,0.15599000000000002,0.031601,2.7219,4.2396,4.1775,11.189,0.15172,0.9877100000000001,0.22708000000000003,0.9291200000000001,1
0.47939,3.2671,5.1199,0.79032,1.6321,0.77775,1.0818,2.1915,0.18039000000000002,0.006711,7.7e-05,9e-06,0.0,1e-06,0.0,85.26899999999999,84.62200000000001,20.738000000000003,17.985,18.843,22.999000000000002,-0.24923,-0.37778,0.81324,3.5162,3.7082,2.6205,0.13242,0.9874799999999999,0.23668000000000003,0.93691,1
0.43504,3.3526,5.3745,0.78962,1.6297,0.7790699999999999,1.1084,2.3029,0.17997,0.006645,3.7e-05,3e-06,0.0,0.0,0.0,90.781,93.984,40.9,16.67,16.570999999999998,20.993000000000002,-0.22771,-0.39433,-0.13858,4.6923,4.8258,2.7288,0.12072999999999999,0.98766,0.24898,0.9424799999999999,1
0.5002,3.2213,5.0123,0.75369,1.5215,0.77657,1.1116,2.1607,0.17535,0.004839,0.00010700000000000001,3e-06,0.0,0.0,0.0,83.751,86.20200000000001,28.756,16.089000000000002,16.351,21.826,-0.11967,-0.28259,0.30356,4.6027,4.7815,2.2848,0.12138,0.9886299999999999,0.27503,0.94281,1
0.49396999999999996,3.3581,5.0438,0.72143,1.4441,0.77898,1.1032,2.1888,0.17142000000000002,0.003636,1.9e-05,0.0,0.0,0.0,0.0,70.342,76.622,2.2008,17.557000000000002,16.76,9.0379,0.20718000000000003,0.20427,5.8634,5.2589999999999995,4.8801,47.482,0.16977,0.9857299999999999,0.21891999999999998,0.9222,1
0.41539,3.5262,5.5002,0.76248,1.5456,0.77194,1.1023,2.3601,0.17752,0.005293,7.4e-05,9e-06,0.0,1e-06,0.0,80.278,84.527,14.109000000000002,15.468,15.425999999999998,18.327,0.15206,0.069004,1.4376,4.9355,4.6675,4.9248,0.11485,0.9897,0.28748,0.9458700000000001,1
0.46052,3.234,5.2237,0.80047,1.6684,0.77883,1.1036,2.2315,0.18199,0.007359999999999999,3.2e-05,4e-06,0.0,0.0,0.0,85.355,90.581,15.939,18.070999999999998,17.873,19.734,-0.28062,-0.3335,1.1633,4.2185,4.217,3.6536,0.11544000000000001,0.98908,0.26547,0.9454899999999999,1
0.4796,3.2283,5.1188,0.75335,1.5206,0.78009,1.1357,2.2118,0.17452,0.0047810000000000005,3e-06,0.0,0.0,0.0,0.0,87.17200000000001,90.935,6.0896,17.323,17.811,13.138,-0.27036,-0.26133,2.719,4.0453,3.8655,11.776,0.12605,0.98814,0.26361,0.94052,1
0.20676999999999998,4.635,7.7957,0.61592,1.2693,0.69697,1.2463,3.2311,0.18447,0.001865,0.000239,0.0,0.0,0.0,0.0,70.962,69.322,8.8364,13.003,14.682,13.593,0.40047,0.39216999999999996,2.1295,6.8133,6.0971,8.6785,0.11423,0.99246,0.32373,0.94619,2
0.26766999999999996,4.5378,6.8518,0.5673199999999999,1.2143,0.73883,1.1778,2.9309,0.17239000000000002,0.001093,0.00011899999999999999,0.0,0.0,0.0,0.0,69.524,65.486,6.9101,12.839,15.298,11.685,0.67183,0.30576,2.6352,8.1038,6.0439,12.329,0.12030999999999999,0.99229,0.28603,0.94237,2
0.22265,4.9451,7.5126,0.6587,1.3291,0.71591,1.115,3.1464,0.18172,0.002534,0.000125,1e-06,0.0,0.0,0.0,92.73899999999999,100.59,0.37456999999999996,17.269000000000002,15.895999999999999,4.6838,-0.47398999999999997,-0.8534299999999999,18.264,6.0763,6.6237,412.94,0.1299,0.98845,0.28781,0.9372299999999999,2
0.19925,5.1311,7.9415,0.6209600000000001,1.2758,0.69015,1.1384,3.2744,0.18652,0.0019850000000000002,0.000202,1e-06,0.0,0.0,0.0,80.14699999999999,90.71,0.27298,16.262999999999998,14.799000000000001,3.9162,-0.54685,-0.67476,19.63,6.0360000000000005,6.3581,470.51,0.08817699999999999,0.99279,0.33946,0.9587200000000001,2
0.22737,4.9433,7.4343,0.43987,1.1135,0.68704,1.1813,3.0766,0.18299,0.000384,0.00043799999999999997,2e-06,0.0,0.0,0.0,77.92699999999999,86.616,0.1378,16.043,14.683,2.8369,-0.53584,-0.60725,28.833000000000002,5.9675,5.9927,1018.3,0.087931,0.9932200000000001,0.3444,0.95968,2
0.18419000000000002,5.2836,8.2599,0.7114699999999999,1.4231,0.7073,1.1021,3.42,0.18784,0.004052,1.9e-05,2e-06,0.0,0.0,0.0,98.72,102.87,1.5251,16.707,15.684000000000001,7.5909,-0.48283999999999994,-1.0447,7.5156,6.9181,8.249,76.44800000000001,0.11922,0.9890000000000001,0.28497,0.9425899999999999,2
0.2229,4.8933,7.5084,0.52271,1.173,0.70589,1.1903,3.1442,0.17934,0.000805,0.000305,6e-06,0.0,0.0,0.0,92.184,99.65100000000001,0.42888000000000004,16.261,15.161,4.9902,-0.43108,-0.79828,15.495999999999999,6.364,6.7368,289.54,0.11329000000000002,0.9896799999999999,0.29496999999999995,0.9462,2
0.19588,4.9786,8.0096,0.66486,1.3387,0.6814899999999999,1.1479,3.2712,0.19128,0.002945,0.000229,1e-06,0.0,0.0,0.0,87.369,94.975,0.47494,17.852999999999998,16.277,5.1392,-0.35619,-0.6606,15.158,5.7688,6.2035,281.6,0.10297,0.99135,0.31969000000000003,0.9513,2
0.24418,4.5275,7.1739,0.38341,1.0827,0.66179,1.2388,2.9157,0.18947999999999998,0.000226,0.000317,1e-06,0.0,0.0,0.0,92.568,98.758,1.4854,13.433,13.288,7.2331,-0.45137,-0.77586,7.7667,8.2362,8.6219,85.28299999999999,0.10207000000000001,0.99105,0.32796,0.9526700000000001,2
0.22296999999999997,4.6016,7.5072,0.51298,1.165,0.69366,1.2589,3.1171,0.18231,0.000763,0.00023700000000000001,2e-06,0.0,0.0,0.0,76.374,80.535,2.2338,15.624,15.035,8.3319,0.48708,0.14051,6.0621,5.6233,5.474,51.163000000000004,0.11070999999999999,0.99192,0.32599,0.9466600000000001,2
0.30688000000000004,4.1708,6.3991,0.4863,1.1444,0.7207,1.2175,2.7101,0.17502,0.000551,0.000182,1e-06,0.0,0.0,0.0,80.686,91.48,0.46232,17.718,16.395,4.3696,-0.36988000000000004,-0.52779,14.645999999999999,4.7217,4.9348,273.72,0.080808,0.9935799999999999,0.32719000000000004,0.96044,2
0.28617,4.5044,6.6266,0.47143999999999997,1.1339,0.70324,1.1585,2.773,0.17915,0.000502,0.000872,1e-06,0.0,0.0,0.0,84.90700000000001,79.523,21.451,11.698,13.282,15.849,0.061424,0.05135599999999999,0.5326,8.6952,6.5826,3.1204,0.062874,0.9950700000000001,0.35466,0.9698100000000001,2
0.33175,3.9972,6.1546,0.60755,1.2590000000000001,0.7052,1.1523,2.5672,0.18198,0.001696,0.00019099999999999998,0.0,0.0,0.0,0.0,77.628,80.559,0.60546,15.212,15.956,4.5853,0.080948,-0.16424,12.014000000000001,5.0175,4.0969,192.79,0.090515,0.99326,0.30335,0.95589,2
0.26515,4.6263,6.8842,0.43291,1.1093,0.70422,1.1856,2.8847,0.17845999999999998,0.00033999999999999997,7.099999999999999e-05,4e-06,0.0,0.0,0.0,64.225,64.325,1.1046,13.231,14.639000000000001,5.7485,0.45869,0.35513,8.0997,6.4637,5.6817,88.441,0.099267,0.99387,0.32034,0.95326,2
0.3316,4.2586,6.156000000000001,0.46021000000000006,1.1264,0.69586,1.1362,2.5631,0.18091,0.000459,0.00016299999999999998,7.000000000000001e-06,0.0,0.0,0.0,78.756,80.602,0.23246999999999998,15.579,17.034000000000002,3.7029,0.1679,-0.16766,20.658,5.6173,4.5721,495.27,0.10275,0.99192,0.28562,0.95049,2
0.26766,4.4114,6.852,0.5098699999999999,1.1625,0.7180300000000001,1.2207,2.8949,0.17606,0.000692,6.9e-05,0.0,0.0,0.0,0.0,71.169,73.655,1.4047,13.819,14.727,6.7752,0.33787,0.11474000000000001,7.685,6.0291,5.4982,80.99600000000001,0.14249,0.98992,0.24982,0.9310200000000001,2
0.30609000000000003,4.001,6.4073,0.49718,1.1525,0.7107399999999999,1.2576,2.6941,0.17765,0.000628,0.000177,0.0,0.0,0.0,0.0,61.293,63.78,0.70189,14.138,15.911,4.723,0.29301,0.090576,10.49,5.9317,4.9463,149.98,0.10103999999999999,0.99387,0.32316,0.95191,2
0.22699,4.775,7.4404,0.46978000000000003,1.1328,0.69853,1.2236,3.1033,0.18034,0.0005,4.3e-05,3e-06,0.0,0.0,0.0,74.721,71.442,3.8776,12.442,14.363,9.8066,0.49208,0.18686,4.0223,6.8855,5.9698,24.404,0.12440999999999999,0.99149,0.27185,0.94055,2
0.22844,4.5589,7.4169,0.63686,1.2971,0.69615,1.1919,3.0682,0.18567,0.002231,0.000106,1e-06,0.0,0.0,0.0,71.829,73.061,5.6045,14.133,15.306,12.329,0.27976,0.17712,3.6732,6.3804,5.5143,22.295,0.11578,0.99218,0.28586,0.9449700000000001,2
0.33147,4.0179,6.1572,0.4987,1.1537,0.7209899999999999,1.2114,2.6074,0.17515,0.0006190000000000001,0.00022,6e-06,0.0,0.0,0.0,67.179,71.835,2.2314,14.104000000000001,14.459000000000001,7.1868,0.12568,0.018265,5.5406,5.992999999999999,5.4062,46.978,0.12422000000000001,0.9919,0.29203,0.9397,2
0.28923000000000004,4.5516,6.5915,0.55812,1.2052,0.7318899999999999,1.1286,2.8073,0.17377,0.0010279999999999998,0.000181,1e-06,0.0,0.0,0.0,74.683,71.967,1.4792,13.01,13.888,7.3038,0.37339,0.11632999999999999,7.5644,7.7786,6.4325,77.013,0.1445,0.9898299999999999,0.25364000000000003,0.93114,2
0.23053,4.7864,7.3832,0.54283,1.1907,0.7034600000000001,1.1856,3.0845,0.18041,0.0009720000000000001,0.000294,7.000000000000001e-06,0.0,0.0,0.0,69.725,68.317,2.0654,13.011,15.02,7.7823,0.37179,0.14699,6.0067,6.6579,5.2876,51.701,0.11127000000000001,0.9928799999999999,0.30548000000000003,0.94694,2
0.26074,4.5954,6.9423,0.45526000000000005,1.1231,0.7105100000000001,1.2016,2.9209,0.17712,0.00041900000000000005,5.4000000000000005e-05,1e-06,0.0,0.0,0.0,69.611,69.035,5.3588,12.27,14.011,10.982999999999999,0.36648000000000003,0.12661,3.0426,7.3665,6.1802,15.552,0.12469000000000001,0.9917,0.27033,0.94047,2
0.39641,3.3783,5.6303,0.8346399999999999,1.8155,0.77986,1.0923,2.3795,0.18964,0.010274,1.4000000000000001e-05,1e-06,0.0,0.0,0.0,79.817,84.01299999999999,5.0502,17.339000000000002,16.258,12.484000000000002,-0.19745,-0.13022,3.1844,4.7746,4.5221,15.542,0.13318,0.98821,0.26755,0.9371200000000001,3
0.39787,3.1639999999999997,5.6199,0.86613,2.0008,0.77795,1.1076,2.3365,0.20089,0.014541,5.5e-05,3e-06,0.0,0.0,0.0,77.655,83.01899999999999,2.1303,18.225,17.188,8.6686,-0.12145,-0.18432,6.026,4.2946,4.2157,51.345,0.13266,0.9887,0.25986,0.93696,3
0.38101,2.8928,5.742999999999999,0.9143700000000001,2.4699,0.77186,1.1098,2.2852,0.23278000000000001,0.027961,0.000178,2.8999999999999997e-05,0.0,2e-06,0.0,75.847,81.94,8.2538,21.625999999999998,19.67,18.499000000000002,0.22257,0.21863000000000002,2.5234,3.1484,3.1981,9.2049,0.19783,0.9840200000000001,0.20118,0.9091,3
0.42758,3.2542,5.4212,0.84047,1.8455,0.7793,1.0826,2.2848,0.19146,0.010931,1e-05,1e-06,0.0,0.0,0.0,82.117,82.791,7.1953,18.858,18.576,15.365,-0.080583,-0.14662999999999998,2.6707,4.5276,4.4597,11.35,0.16747,0.985,0.24094000000000002,0.92358,3
0.40993999999999997,3.3259,5.5366,0.83296,1.8072,0.7797,1.0934,2.3412,0.18922,0.010103000000000001,5.1e-05,8e-06,0.0,1e-06,0.0,84.059,86.911,9.8432,18.165,17.983,17.177,-0.31087,-0.43473999999999996,2.0554,4.3975,4.7911,7.7892,0.13121,0.9883,0.26342,0.93827,3
0.4051,3.1321,5.5696,0.8777799999999999,2.0874,0.77687,1.0848,2.2972,0.20648000000000002,0.016743,5.1e-05,6e-06,0.0,0.0,0.0,82.07,85.212,6.34,18.924,18.136,14.548,-0.10330999999999999,-0.12074000000000001,2.9639,5.0072,4.6593,13.561,0.1403,0.98803,0.2658,0.9355399999999999,3
0.35331,3.1688,5.9638,0.8872700000000001,2.168,0.77144,1.1227,2.4346,0.21300999999999998,0.019119999999999998,0.00013000000000000002,1.9e-05,0.0,1e-06,0.0,78.738,85.355,4.567,19.389,18.373,13.14,0.18988,0.18144000000000002,3.9795,4.4048,4.0705,22.541,0.15179,0.9865,0.24495999999999998,0.93027,3
0.44211000000000006,3.0291,5.3314,0.8611,1.9668,0.77795,1.1069,2.2228,0.19885999999999998,0.013727000000000001,1.1e-05,2e-06,0.0,0.0,0.0,73.592,76.336,2.6487,17.017,16.426,9.1585,-0.005177,-0.059026,4.6025,5.0858,5.1897,28.735,0.15423,0.98715,0.23256999999999997,0.92699,3
0.41505,3.3326,5.5024,0.8353200000000001,1.8189,0.78194,1.0825,2.3279,0.18933,0.010291,1e-06,0.0,0.0,0.0,0.0,80.747,86.54299999999999,8.8427,17.817,17.009,16.305,-0.025591,-0.019894,2.1251,4.1636,4.0806,7.6025,0.13147999999999999,0.98835,0.26721,0.93753,3
0.38773,3.0526,5.693,0.88481,2.1461,0.77827,1.1231,2.3386,0.20976999999999998,0.018206,3.2e-05,2e-06,0.0,0.0,0.0,75.24600000000001,87.411,2.1271,23.266,20.12,9.5422,-0.011729,0.070898,5.8012,3.2827,3.1181,43.528,0.18461,0.98456,0.21149,0.91312,3
0.44903000000000004,3.1926,5.2901,0.83115,1.7984,0.7703,1.0844,2.225,0.19103,0.010161,1.1e-05,0.0,0.0,0.0,0.0,90.238,91.62700000000001,14.517999999999999,18.152,17.71,20.439,-0.19063,-0.25128,1.386,4.2128,4.1576,4.2692,0.14211,0.9854299999999999,0.2506,0.93422,3
0.4791,3.2641,5.1214,0.8379700000000001,1.8325,0.78215,1.0251,2.1647,0.19004000000000001,0.010573,2.8999999999999997e-05,3e-06,0.0,0.0,0.0,81.038,82.17299999999999,11.122,19.141,19.19,18.041,-0.3083,-0.49683999999999995,1.7312,4.1193,4.4578,5.689,0.15885,0.98456,0.23003,0.92527,3
0.44093999999999994,3.0749,5.3385,0.8590700000000001,1.9537,0.77985,1.0969,2.2309,0.1976,0.013353,2.2e-05,3e-06,0.0,0.0,0.0,74.485,83.50200000000001,4.3017,20.184,18.025,12.584000000000001,-0.16563,-0.11483,3.8579,4.1623,4.1798,20.741,0.14728,0.98751,0.24036,0.92999,3
0.41358,3.4395,5.5122,0.80776,1.6963,0.7799,1.0867,2.3514,0.18317999999999998,0.007867,1.3000000000000001e-05,1e-06,0.0,0.0,0.0,89.911,94.073,18.566,17.797,16.965,21.448,-0.23354,-0.32259,0.9918799999999999,4.8315,5.0483,3.2241,0.12739,0.987,0.26294,0.93915,3
0.40949,3.0002,5.5397,0.88839,2.1782,0.7761399999999999,1.1022,2.2663,0.21236999999999998,0.019163,0.0001,7.000000000000001e-06,0.0,-1e-06,0.0,79.548,86.525,4.867,19.035,17.937,12.614,-0.062172000000000005,-0.029098000000000002,3.3362,4.341,4.069,15.913,0.14437,0.98693,0.25482,0.9326399999999999,3
0.38272,3.0112,5.7301,0.8947700000000001,2.2395,0.77603,1.1202,2.3319,0.21633000000000002,0.020852000000000002,2.2e-05,5e-06,0.0,1e-06,0.0,67.095,75.556,4.0826,23.503,20.619,13.005,0.10086,0.17443,3.924,3.2601,3.2318,20.477,0.18942,0.9847899999999999,0.20324,0.9122899999999999,3
0.42276,3.2995,5.452000000000001,0.8311799999999999,1.7985,0.7812600000000001,1.089,2.3093,0.18836,0.009881000000000001,2.1e-05,1e-06,0.0,0.0,0.0,79.013,85.911,6.4031,19.42,18.226,13.812999999999999,-0.25965,-0.27360999999999996,2.6124,4.4239,4.4834,10.639000000000001,0.13285999999999998,0.98793,0.25577,0.9365100000000001,3
0.42791,3.1468,5.4191,0.85429,1.9239,0.77923,1.0959999999999999,2.2693,0.196,0.012681999999999999,2.1e-05,1e-06,0.0,0.0,0.0,88.875,94.596,24.338,16.910999999999998,16.441,21.877,-0.177,-0.37887,0.63794,4.9634,5.1642,2.8899,0.12415999999999999,0.9881200000000001,0.26336,0.94142,3
0.42086,3.1269,5.4643,0.85655,1.9378,0.7747,1.1049,2.2789,0.19797,0.013156000000000001,5e-06,1e-06,0.0,0.0,0.0,82.775,89.181,17.006,17.722,16.87,19.539,-0.23844,-0.32106,1.0785,5.0094,4.9199,3.6725,0.12279000000000001,0.98865,0.27774,0.94342,3
0.46571999999999997,3.108,5.1945,0.84704,1.8814,0.7780100000000001,1.0748,2.1811,0.19383,0.011758,6.3e-05,4e-06,0.0,0.0,0.0,86.569,91.412,17.415,19.944000000000003,19.212,22.031,-0.2237,-0.36784,1.205,4.3003,4.338,3.9407,0.15141,0.9841200000000001,0.2312,0.92895,3
0.39143,3.1123,5.666,0.8962600000000001,2.2547,0.77986,1.0707,2.3084,0.21624000000000002,0.021068,1e-06,0.0,0.0,0.0,0.0,80.139,83.68299999999999,9.9747,18.345,17.346,17.872,-0.23939000000000002,-0.24741999999999997,2.0263,4.7342,4.9337,6.8636,0.16499,0.9832799999999999,0.24861,0.9232100000000001,3
0.39788,3.0374,5.6199,0.89581,2.25,0.7734,1.0848,2.2811,0.21774000000000002,0.02129,0.000151,3.3e-05,0.0,4e-06,0.0,76.508,83.609,4.904,19.648,18.275,13.17,0.056380999999999994,-0.020674,3.4713,4.0091,3.8355,17.792,0.15633,0.98736,0.23639000000000002,0.9274700000000001,3
0.40656,3.3049,5.5596,0.83747,1.8299,0.78042,1.0986,2.3478,0.19030999999999998,0.010564,1.1e-05,1e-06,0.0,0.0,0.0,85.87700000000001,90.90299999999999,18.685,15.103,14.797,19.098,-0.009465000000000001,-0.20021,0.8990799999999999,5.5121,5.4877,3.3929,0.11855999999999998,0.98851,0.30518,0.9440299999999999,3
0.29503,3.3919,6.5263,0.87056,2.0323,0.6974,1.1271,2.5623,0.22623000000000001,0.019053,0.0008789999999999999,0.000288,0.0,4e-05,0.0,74.706,74.173,6.0049,19.604,21.141,16.187,0.30901999999999996,0.000462,3.3602,3.385,3.3159,15.662,0.16448,0.98854,0.25924,0.92753,4
0.37412,2.8433,5.7956,0.90397,2.3387,0.70609,1.12,2.2307,0.24486,0.028616000000000003,0.000388,0.00013000000000000002,0.0,2e-05,0.0,69.89399999999999,61.659,2.0978,13.659,16.874000000000002,7.915,0.50505,0.13667,5.9782,4.8829,4.0888,54.46,0.13388,0.99149,0.2871,0.9438,4
0.31795,3.3258,6.2867,0.8529700000000001,1.9158,0.69944,1.1421,2.4958,0.21783000000000002,0.015513999999999998,0.000908,0.00025299999999999997,0.0,3.1e-05,0.0,67.983,61.876000000000005,3.2209,14.488,17.157,9.3879,0.45519,-0.015005000000000001,4.2946,5.1333,4.2537,28.58,0.12455999999999999,0.99224,0.29598,0.94576,4
0.3936,3.013,5.6503,0.8712200000000001,2.0371,0.72253,1.1169,2.2571,0.21866999999999998,0.017888,0.001024,0.000323,0.0,4.2e-05,0.0,70.256,64.935,8.6076,15.106,16.834,14.899000000000001,0.20761999999999997,-0.037599,2.1754,4.6394,4.2683,8.5871,0.1314,0.9912799999999999,0.26400999999999997,0.9424799999999999,4
0.34915999999999997,3.3258,5.9992,0.83216,1.8033,0.73537,1.1519,2.4644,0.2004,0.011265,0.0006929999999999999,0.000146,0.0,1.4999999999999999e-05,0.0,64.97800000000001,61.888000000000005,3.9216,16.852,18.389,12.673,0.5691,0.36486999999999997,5.1314,5.3509,4.4943,38.289,0.15648,0.9900399999999999,0.27162,0.93442,4
0.34092,3.36,6.0712,0.84349,1.8617,0.7247100000000001,1.1274,2.4643,0.20688,0.013049000000000002,0.000704,0.00018,0.0,2e-05,0.0,77.22,80.441,1.4884,18.686,18.765,7.7,-0.23310999999999998,-0.57116,7.0887,4.4833,4.2042,65.157,0.1243,0.9907799999999999,0.27859,0.9439200000000001,4
0.31381,3.2468,6.3281,0.8862,2.1584,0.70295,1.1123,2.4679,0.2331,0.022713999999999998,0.001284,0.00042300000000000004,0.0,6.3e-05,0.0,67.3,62.945,3.3505,14.950999999999999,16.327,10.294,0.42268,0.041283,4.5481,5.4611,4.8067,31.493000000000002,0.12251,0.9923700000000001,0.30074,0.9466200000000001,4
0.35328000000000004,3.2558,5.9641,0.8167,1.7329,0.6978300000000001,1.1624,2.3998,0.20689000000000002,0.010717,0.001135,0.000337,0.0,3.5e-05,0.0,69.082,66.243,3.5768,15.107999999999999,16.265,10.659,0.39787,0.090034,4.1853,4.8974,4.2780000000000005,25.936,0.11612,0.99259,0.29447,0.9480700000000001,4
0.32311,3.4617,6.2364,0.84636,1.8775,0.7194699999999999,1.1152,2.5189,0.20936999999999997,0.01365,0.00033,7.7e-05,0.0,9e-06,0.0,64.377,56.972,2.0992,15.385,17.686,8.5818,0.38616,-0.028036000000000002,7.1562,5.2924,4.3537,76.183,0.13758,0.9914299999999999,0.28471,0.9410799999999999,4
0.27035,3.3636,6.8177,0.89417,2.2335,0.6442,1.0885,2.5291,0.26013000000000003,0.030019,0.0015949999999999998,0.00035499999999999996,0.0,4.9e-05,0.0,70.015,68.687,1.5664,15.757,16.167,7.2843,0.6047899999999999,0.50988,6.8924,5.058,4.2045,67.795,0.13485,0.99118,0.29824,0.9403,4
0.23424,3.8121,7.3244,0.8759299999999999,2.0728,0.66077,1.0848,2.7896,0.24169000000000002,0.022628,0.001075,0.000322,0.0,4.8e-05,0.0,69.253,70.421,2.3728,15.812999999999999,16.534000000000002,8.6228,0.53075,0.21316,5.3636,5.0383,3.9164,41.677,0.1279,0.99156,0.28631,0.9423,4
0.39637,3.215,5.6306,0.80137,1.6718,0.72455,1.153,2.3194,0.19580999999999998,0.008577,0.000671,0.000152,0.0,1.4000000000000001e-05,0.0,68.02,59.568999999999996,3.377,13.99,17.542,10.154,0.7739,0.36557,4.2741,4.3198,3.5319,26.635,0.12817,0.99193,0.29217,0.94296,4
0.39042,2.8494,5.6734,0.9058799999999999,2.3611,0.7294,1.1067,2.2151,0.23861,0.027565,0.0008119999999999999,0.000327,0.0,5.4000000000000005e-05,0.0,75.822,73.247,6.0548,11.97,13.383,11.6,0.5048699999999999,0.16859000000000002,2.698,7.0166,5.0957,13.014000000000001,0.14386,0.98946,0.25922,0.9354,4
0.27676999999999996,3.4232,6.7382,0.88065,2.1107,0.6644,1.1044,2.5652,0.24311999999999998,0.023712,4.8e-05,3.1e-05,0.0,4e-06,0.0,65.329,68.137,1.3251,16.9,16.500999999999998,6.8662,0.79887,0.46357,7.632999999999999,5.3265,4.2771,82.34,0.13801,0.9912200000000001,0.30443000000000003,0.93855,4
0.26742,3.6649,6.855,0.85993,1.9592,0.6857300000000001,1.1066,2.685,0.22509,0.017437,0.000317,0.00011499999999999999,0.0,1.4999999999999999e-05,0.0,67.007,68.53,2.5617,17.234,16.667,9.6699,0.6764600000000001,0.43587,5.5763,5.4281,4.2149,43.885,0.15730999999999998,0.98969,0.26745,0.92945,4
0.30604000000000003,3.3555,6.4079,0.8457899999999999,1.8743,0.67624,1.1471,2.5099,0.22254000000000002,0.015356999999999999,1.7e-05,1.4999999999999999e-05,0.0,2e-06,0.0,75.71300000000001,71.671,1.0608,16.676,17.462,6.1373,0.44371000000000005,0.13868,9.6258,6.1052,5.1724,138.78,0.13614,0.9907799999999999,0.2862,0.93894,4
0.23842,3.5614,7.2599,0.88321,2.1323,0.63831,1.1153,2.7039999999999997,0.2547,0.026524000000000002,0.00040599999999999995,0.000154,0.0,2.5e-05,0.0,67.335,67.259,1.1134,17.895,17.522000000000002,6.9967,0.6330899999999999,0.38047,9.2754,5.0406,4.3401,115.38,0.14758,0.99055,0.2999,0.93647,4
0.25317,3.6038,7.0452,0.86334,1.9817,0.65718,1.1258,2.6965,0.23645,0.019733,0.000288,9e-05,0.0,1.2e-05,0.0,72.839,65.524,1.6368,16.187,18.825,7.4892,0.81417,0.51448,7.1555,4.6465,3.6537,74.63,0.13544,0.99116,0.29623,0.9405399999999999,4
0.24652,3.8422,7.1397,0.84039,1.8451,0.66197,1.1131,2.7734,0.22537,0.015137000000000001,0.000801,0.000164,0.0,1.7e-05,0.0,78.708,74.544,8.2067,16.051,16.145,15.19,1.0762,0.4499,2.3258,6.7973,4.4771,9.0601,0.13901,0.99026,0.27951,0.93594,4
0.22351999999999997,4.0615,7.497999999999999,0.8798299999999999,2.104,0.68184,1.0509,2.8933,0.23642,0.022287,0.000194,6e-06,0.0,-1e-06,0.0,73.743,76.05,3.7991,16.82,16.284000000000002,11.595,0.54808,0.33951,4.3469999999999995,5.1068,4.374,27.485,0.16626,0.9881200000000001,0.24855,0.9247299999999999,4
0.2749,3.4563,6.7611,0.89799,2.2726,0.70145,1.0868,2.6084,0.2417,0.026663,0.00028399999999999996,9.9e-05,0.0,1.6e-05,0.0,68.218,71.952,5.4535,16.954,16.272000000000002,13.032,0.66008,0.36411,3.5336,5.3912,4.4183,19.489,0.16365,0.9888899999999999,0.25405,0.9271,4
0.30319,3.3214,6.438,0.90679,2.372,0.71395,1.0634,2.4846,0.24455,0.029153,5.7999999999999994e-05,2.8999999999999997e-05,0.0,5e-06,0.0,70.635,74.351,4.0353,16.596,16.491,11.269,0.68262,0.27024000000000004,4.1986,5.4281,4.4411,27.344,0.15406,0.98939,0.26154,0.93104,4
0.22909000000000002,3.8793,7.4064,0.8787200000000001,2.0949,0.64993,1.0634,2.7923,0.24736,0.024197999999999997,0.001191,0.00028199999999999997,0.0,4.4e-05,0.0,66.472,69.07,1.319,16.939,16.361,7.3671,0.72263,0.52313,8.3185,5.8083,4.6681,94.499,0.15068,0.9902799999999999,0.28974,0.93296,4
0.69123,2.7078,4.2638,0.74803,1.5068,0.77307,1.1279,1.8357,0.17547000000000001,0.004646,8.7e-05,9e-06,0.0,1e-06,0.0,80.0,67.65100000000001,7.3977,16.667,19.059,15.390999999999998,0.65735,0.15541,2.7198,4.7436,4.5221,11.687999999999999,0.2711,0.9787100000000001,0.20132,0.88776,5
0.69204,2.8045,4.2613,0.69455,1.39,0.7713399999999999,1.1319,1.8462,0.17092000000000002,0.0029519999999999998,0.000109,1.2e-05,0.0,1e-06,0.0,64.431,60.248000000000005,6.3232,23.044,23.345,14.648,-0.004789,-0.14720999999999998,2.843,3.4814,3.3096,12.115,0.2875,0.9796100000000001,0.18245,0.87661,5
0.59306,3.0651,4.6032,0.64967,1.3154,0.77332,1.1515,2.0051,0.16775,0.002014,8.7e-05,7.000000000000001e-06,0.0,0.0,0.0,63.415,60.708,9.1581,26.156,26.464000000000002,17.285999999999998,-0.01848,-0.16673,2.3081,3.0531,2.9424,8.8825,0.31940999999999997,0.97754,0.16467,0.86698,5
0.66889,2.8723,4.3344,0.69263,1.3864,0.77493,1.1282,1.8826,0.16999,0.002877,0.000102,8e-06,0.0,0.0,0.0,64.251,64.556,16.551,22.697,22.339000000000002,21.022,0.11195,-0.054717999999999996,1.1697,3.2245,3.2279,3.6619,0.24761,0.98196,0.18893,0.89061,5
0.64741,2.8269,4.4057,0.71837,1.4375,0.7720199999999999,1.1421,1.9041,0.17269,0.0036060000000000003,0.000176,1.6e-05,0.0,1e-06,0.0,61.129,60.071000000000005,7.5531,20.435,21.01,15.037,0.15662,-0.1047,2.4481,3.8816,3.5482,9.8561,0.2484,0.9818,0.20117000000000002,0.8928,5
0.68417,3.0065,4.2857,0.62562,1.2818,0.77786,1.1104,1.8754,0.16568,0.001625,3.7e-05,2e-06,0.0,0.0,0.0,60.417,61.468,8.8446,21.84,21.164,16.317999999999998,0.33795,0.13134,2.2723,3.8689,3.5925,8.7443,0.25888,0.9809200000000001,0.19708,0.88721,5
0.64302,2.8107,4.4207,0.7177899999999999,1.4362,0.7743,1.1548,1.9136,0.17213,0.003568,8.7e-05,9e-06,0.0,1e-06,0.0,72.839,65.959,9.0149,19.637,21.529,16.495,0.15175999999999998,-0.15322,2.1885,3.3686,3.3751,8.2399,0.26676,0.98001,0.18847,0.88444,5
0.68772,2.8987,4.2746,0.6403399999999999,1.3019,0.77547,1.1381,1.8659,0.16684000000000002,0.0018510000000000002,6.7e-05,5e-06,0.0,0.0,0.0,61.586000000000006,58.713,8.6349,22.686,23.287,16.738,0.18834,-0.018535,2.3732,3.7126,3.408,9.1549,0.28008,0.98044,0.1868,0.8827200000000001,5
0.6541100000000001,2.8398,4.3831,0.66823,1.3442,0.77264,1.1702,1.9055,0.16891,0.002357,6.9e-05,7.000000000000001e-06,0.0,0.0,0.0,59.228,59.736999999999995,6.0273,24.78,24.154,14.329,-0.070094,-0.19341,2.8854,3.1498,3.1287,12.192,0.28474,0.98062,0.18053,0.8779100000000001,5
0.66238,2.9181,4.3556,0.6326,1.2912,0.7724,1.1545,1.8985,0.16715,0.001748,7.7e-05,6e-06,0.0,0.0,0.0,66.825,61.998000000000005,16.489,19.09,20.234,20.47,0.23636,-0.056251,1.1529,3.4591,3.4117,3.6662,0.22430999999999998,0.98398,0.2049,0.89955,5
0.6722,2.9455,4.3237,0.64656,1.3109,0.7710600000000001,1.1258,1.8811,0.16809000000000002,0.001973,5.6000000000000006e-05,4e-06,0.0,0.0,0.0,68.643,65.399,14.140999999999998,19.637,20.213,19.775,0.4769,0.1566,1.5347,3.9693,3.6085,5.1648,0.24916999999999997,0.98146,0.19966,0.89285,5
0.59211,3.0129,4.6069,0.68229,1.3678,0.77545,1.1513,2.0038,0.16917000000000001,0.002634,3.8e-05,3e-06,0.0,0.0,0.0,66.182,67.257,6.7537,22.455,22.046,15.177,0.012066,-0.12122999999999999,2.7257,3.4889,3.4342,11.192,0.27203,0.9793700000000001,0.18194000000000002,0.88215,5
0.6982,2.8355,4.2424,0.67208,1.3505,0.77507,1.1335,1.8466,0.16860999999999998,0.00242,6.7e-05,6e-06,0.0,0.0,0.0,78.021,75.775,15.966,25.081,25.553,22.564,0.11235999999999999,-0.13449,1.5051,3.2188,3.2167,4.9003,0.35306,0.9698100000000001,0.15441,0.8589700000000001,5
0.63555,3.0007,4.4466,0.65892,1.3294,0.7691899999999999,1.1272,1.9303,0.16914,0.0022,7.4e-05,5e-06,0.0,0.0,0.0,67.942,70.652,7.5586,21.953000000000003,20.75,15.68,-0.07837100000000001,-0.17172,2.4912,3.4881,3.4374,9.7948,0.2514,0.98011,0.18495999999999999,0.88707,5
0.6664,2.9133,4.3425,0.65888,1.3294,0.77312,1.1367,1.8899,0.16827999999999999,0.002177,0.000103,8e-06,0.0,0.0,0.0,67.484,66.965,8.7362,22.276,21.848000000000003,17.098,0.16812,-0.000572,2.3057,3.6424,3.5271,8.5773,0.28443,0.9785299999999999,0.18463,0.8800899999999999,5
0.73278,3.0169,4.1411,0.54703,1.1946,0.77315,1.1043,1.8134,0.16424,0.0008349999999999999,9.9e-05,4e-06,0.0,0.0,0.0,64.433,63.636,9.4708,22.892,22.516,17.684,0.17993,0.05826900000000001,2.1682,3.4242,3.3068,7.6184,0.298,0.97719,0.17517,0.8750700000000001,5
0.7158800000000001,2.9325,4.1897,0.6143,1.2673,0.7753,1.1175,1.8317,0.16577,0.001486,9.1e-05,5e-06,0.0,0.0,0.0,67.94,64.81,14.308,20.250999999999998,20.359,19.717,0.4564,0.20690999999999998,1.5539,4.0133,3.7735,5.3962,0.27036,0.9793200000000001,0.18994,0.8841700000000001,5
0.61995,2.8283,4.5022,0.7209399999999999,1.443,0.76772,1.1611,1.9397,0.17389000000000002,0.003728,0.00015,1.8e-05,0.0,1e-06,0.0,62.69,64.859,2.688,23.182,22.0,9.3605,-0.081488,-0.16252,4.5325,3.285,3.3215,28.014,0.28693,0.97911,0.18049,0.87554,5
0.597,3.0643,4.5879,0.67103,1.3487,0.77398,1.1342,1.9958,0.16877999999999999,0.002405,6.6e-05,6e-06,0.0,0.0,0.0,59.838,63.74100000000001,4.7439,26.285999999999998,24.47,13.081,0.040606,-0.083764,3.4883,3.2253,3.2760000000000002,17.019000000000002,0.29730999999999996,0.97844,0.17222,0.8749,5
0.64857,2.9667,4.4018,0.67228,1.3508,0.7721600000000001,1.1218,1.9123,0.16926,0.002442,0.000172,1.1e-05,0.0,1e-06,0.0,62.846000000000004,59.04,6.7174,21.205,22.276999999999997,14.883,0.41623999999999994,0.1308,2.7076,3.8855,3.4588,11.152999999999999,0.2651,0.9814299999999999,0.19938,0.8889600000000001,5
0.72287,2.8689999999999998,4.1694,0.5904699999999999,1.2391,0.77246,1.1475,1.8218,0.16555,0.001222,0.000124,6e-06,0.0,0.0,0.0,68.193,65.279,11.709000000000001,19.247,20.202,19.047,0.6077,0.25439,1.9280000000000002,4.4494,3.9259,6.8277,0.27043,0.9801700000000001,0.20119,0.8863700000000001,5
0.72768,2.8947,4.1556,0.62239,1.2776,0.7729600000000001,1.1166,1.8132,0.16659000000000002,0.001602,0.000122,7.000000000000001e-06,0.0,0.0,0.0,70.095,71.58800000000001,11.853,21.095,20.22,18.769000000000002,0.08658400000000001,-0.031791,1.8230000000000002,3.4697,3.4610000000000003,6.4176,0.25982,0.97867,0.18394000000000002,0.88564,5
0.61378,2.6641,4.5248,0.7852899999999999,1.6152,0.7699199999999999,1.1726,1.9294,0.18137,0.0065379999999999995,0.000155,2.5e-05,0.0,2e-06,0.0,77.492,80.79899999999999,15.555,17.65,17.22,20.055999999999997,0.29144000000000003,0.10117999999999999,1.2829,3.1638,3.0636,4.2337,0.27285,0.976,0.1948,0.8797799999999999,5
0.66204,3.1713,4.3567,0.56403,1.2109999999999999,0.77962,1.1023,1.9146,0.16328,0.0009539999999999999,6.8e-05,1e-06,0.0,0.0,0.0,71.625,74.877,0.54647,16.348,16.695,4.7436,-0.18725,-0.1733,13.262,5.0743,4.5588,234.29,0.21753000000000003,0.9805,0.21279,0.8952700000000001,6
0.508,3.3369,4.9736,0.58744,1.2357,0.77028,1.1768,2.1704,0.16593,0.0011970000000000001,0.00011599999999999999,1e-06,0.0,0.0,0.0,71.477,70.986,8.3715,17.22,18.119,15.835999999999999,0.31465,0.11066,2.4214,3.9269,3.8325,10.412,0.20237,0.9848600000000001,0.21172,0.9031100000000001,6
0.4747,3.345,5.1451,0.7138100000000001,1.4279,0.77122,1.1304,2.2238,0.17247,0.003476,0.0001,1e-06,0.0,0.0,0.0,78.834,78.457,23.138,18.755,19.048,24.096,0.47317,0.25463,0.98567,4.2446,3.8312,3.8323,0.20342000000000002,0.9835,0.20918,0.9044,6
0.5634600000000001,3.3043,4.7225,0.62175,1.2768,0.77476,1.1133,2.063,0.16618,0.001585,0.000106,1e-06,0.0,0.0,0.0,71.369,73.057,4.6996,16.28,17.327,12.800999999999998,0.26219000000000003,0.047997000000000005,4.6133,5.2238,4.739,32.812,0.19065,0.98505,0.21738000000000002,0.9093700000000001,6
0.5473899999999999,3.3328,4.7914,0.62117,1.276,0.76751,1.1149,2.0833,0.16773,0.001607,0.000123,2e-06,0.0,0.0,0.0,76.007,76.687,17.483,20.305,20.284000000000002,22.965,0.62853,0.20085999999999998,1.4832,4.9397,3.6935,5.2833,0.25256,0.97919,0.182,0.88244,6
0.5828800000000001,3.1565,4.6432,0.5908399999999999,1.2395,0.77064,1.1599,2.0263,0.16596,0.001231,0.000128,1e-06,0.0,0.0,0.0,75.00399999999999,72.516,18.508,20.282,21.028000000000002,22.675,0.47678999999999994,0.050972,1.3457,5.0323,3.8677,5.239,0.18691,0.98487,0.20597,0.9136,6
0.55035,3.3337,4.7784,0.6168399999999999,1.2705,0.7702399999999999,1.1159999999999999,2.0819,0.16696,0.001539,0.000151,1e-06,0.0,0.0,0.0,75.449,73.042,22.660999999999998,19.506,20.959,24.526999999999997,0.32321,-0.029156,1.1292,4.7594,3.9677,4.2938,0.19000999999999998,0.98434,0.20243,0.91156,6
0.6118100000000001,3.1682,4.5321,0.64405,1.3072,0.77465,1.1012,1.9767,0.16719,0.0019140000000000001,0.000132,2e-06,0.0,0.0,0.0,70.342,72.723,4.7135,18.936,18.918,13.799000000000001,0.29863,0.10519,4.2651,4.3172,4.1008,26.715999999999998,0.22873000000000002,0.9820700000000001,0.20072,0.8931,6
0.59005,3.3086,4.6149,0.47426,1.1359,0.76763,1.1466,2.0176,0.16416,0.000433,0.00010800000000000001,2e-06,0.0,0.0,0.0,80.926,81.138,30.336,15.982000000000001,16.675,22.156999999999996,0.5713,0.39598,0.5115,4.546,4.3061,3.447,0.23218000000000003,0.97251,0.22912,0.8896700000000001,6
0.5634100000000001,3.301,4.7227,0.52698,1.1766,0.77331,1.1598,2.0697,0.16379000000000002,0.000697,6.4e-05,0.0,0.0,0.0,0.0,79.962,81.521,20.33,18.549,18.948,23.14,0.15382,-0.055037,1.2816,4.1656,4.0024,5.2305,0.2146,0.9812700000000001,0.21395,0.9002,6
0.56596,3.302,4.7121,0.53042,1.1796,0.7562,1.1426,2.0418,0.16756,0.000752,0.00011,1e-06,0.0,0.0,0.0,77.706,75.017,23.388,19.654,20.719,24.526,0.12403,-0.14702,0.99705,4.2855,4.067,3.9891,0.20976,0.98269,0.20202,0.9031299999999999,6
0.5507,3.4319,4.7769,0.6351,1.2946,0.77449,1.0766,2.0846,0.16680999999999999,0.0017760000000000002,0.00011499999999999999,1e-06,0.0,0.0,0.0,75.628,75.891,11.735999999999999,18.053,18.926,18.784000000000002,0.19036,0.025379,2.1319999999999997,4.2617,3.9655,8.9316,0.21359,0.98165,0.20422,0.8986200000000001,6
0.58608,3.1506,4.6305,0.6289600000000001,1.2863,0.7751600000000001,1.1409,2.0224,0.16639,0.0016829999999999998,7.2e-05,1e-06,0.0,0.0,0.0,77.574,70.298,18.756,15.422,17.797,20.581,0.40865999999999997,0.07660700000000001,1.2092,5.2913,4.7805,5.0609,0.17207999999999998,0.9865200000000001,0.2261,0.91927,6
0.54945,3.3838,4.7823,0.63527,1.2948,0.77704,1.0948,2.0903,0.16627,0.0017670000000000001,0.000127,1e-06,0.0,0.0,0.0,74.382,71.374,18.127,16.473,18.165,21.096999999999998,0.41421,0.1692,1.1976,4.2415,4.109,4.2396,0.20754,0.98274,0.20185,0.90217,6
0.57755,3.1724,4.6646,0.6766,1.358,0.77531,1.111,2.0298,0.16884000000000002,0.002512,9.9e-05,2e-06,0.0,0.0,0.0,70.906,69.955,11.454,20.337,21.641,20.187,0.29889,0.06487000000000001,2.1377,3.7689,3.5498,7.979,0.23428000000000002,0.98177,0.18788,0.89271,6
0.5858800000000001,3.3027,4.6313,0.61625,1.2698,0.76927,1.0915,2.0166,0.16715,0.001535,0.00015800000000000002,3e-06,0.0,0.0,0.0,79.015,71.104,29.682,17.303,19.871,24.629,0.20526,-0.0737,0.61539,4.4402,4.3239,3.5293,0.18103,0.98469,0.21986999999999998,0.91614,6
0.61339,3.1529,4.5262,0.61239,1.2649,0.77603,1.1244,1.9799,0.16555,0.00146,7.3e-05,1e-06,0.0,0.0,0.0,70.673,69.145,19.445,17.743,18.887,21.929000000000002,0.3215,0.146,1.1987,4.4725,4.1711,4.4947,0.20688,0.98345,0.20037,0.90307,6
0.54194,3.3457,4.8154,0.58846,1.2368,0.75971,1.128,2.0868,0.16827,0.001241,0.000495,6e-06,0.0,0.0,0.0,75.605,83.04,5.1196,18.836,18.23,14.244000000000002,0.19904000000000002,0.097597,4.1984,3.9354,3.6066,26.651,0.20694,0.9829200000000001,0.2195,0.90194,6
0.58648,3.364,4.6289,0.55124,1.1985,0.77518,1.1066,2.0294,0.1639,0.0008619999999999999,6.8e-05,0.0,0.0,0.0,0.0,73.824,74.557,13.597999999999999,17.328,18.246,19.705,0.20931,0.10833,1.7218,4.2872,3.9872,6.5986,0.20720999999999998,0.98264,0.20523000000000002,0.902,6
0.6178899999999999,3.3587,4.5097,0.45826000000000006,1.1251,0.77184,1.1121,1.9776,0.16308,0.000366,4.1e-05,0.0,0.0,0.0,0.0,79.015,81.736,23.369,18.077,18.087,23.416,0.051065,-0.070187,0.9758,4.1819,3.9822,4.1527,0.20372,0.9820700000000001,0.22019,0.90507,6
0.5637800000000001,3.5101,4.7212,0.37504,1.0787,0.76478,1.1325,2.0629,0.16392,0.000154,0.000125,2e-06,0.0,0.0,0.0,70.984,73.752,14.789000000000001,21.427,20.98,22.578000000000003,0.068423,0.033113,1.7386,3.5885,3.5497,6.1295,0.24354,0.9767299999999999,0.18173,0.88756,6
0.6016699999999999,3.4679,4.5701,0.60507,1.256,0.77705,1.0365,2.0013,0.16505999999999998,0.001368,5.6999999999999996e-05,1e-06,0.0,0.0,0.0,75.464,72.178,23.386,19.764,21.385,25.921999999999997,0.32445999999999997,0.014613,1.0318,3.7426,3.6488,3.6097,0.24605,0.97536,0.17758,0.88585,6
0.58096,3.2181,4.6508,0.59254,1.2414,0.77378,1.141,2.0337,0.16534000000000001,0.001239,0.00013700000000000002,1e-06,0.0,0.0,0.0,79.905,80.46600000000001,15.669,17.011,17.762,20.44,0.43311000000000005,0.085702,1.7823,5.1101,4.3532,7.7963,0.18713,0.98357,0.24011,0.9133100000000001,6
0.31038000000000004,2.1283,6.3629,0.98414,5.638,0.76751,1.1031,1.994,0.47356000000000004,0.19773,0.0011279999999999999,0.000768,1e-06,0.000322,0.0,66.042,55.355,9.5752,16.462,21.14,14.948,1.0051,0.54193,2.0097,5.7586,4.5322,7.6167,0.24515,0.98145,0.22978,0.8909299999999999,7
0.30749,2.1992,6.3928,0.98249,5.3673,0.77317,1.1033,2.0453,0.44893999999999995,0.17540999999999998,0.00143,0.0010710000000000001,2e-06,0.00043799999999999997,0.0,72.797,70.595,9.846,16.588,17.91,15.795,0.80282,0.5301600000000001,1.9712,5.2765,4.4355,6.9911,0.24606,0.9777600000000001,0.20486999999999997,0.89026,7
0.28054,2.2097,6.6928,0.98485,5.7658,0.7573,1.0977,2.0669999999999997,0.49017,0.21302,0.002315,0.000705,1e-06,0.000162,0.0,63.098,57.505,1.0422,18.304000000000002,21.533,6.0834,0.38222,0.11815999999999999,8.3983,4.699,3.835,90.568,0.27212,0.9778899999999999,0.22,0.87876,7
0.30445,2.1239,6.4246,0.98393,5.6007,0.74141,1.1006,1.9834,0.48718,0.20892,0.0031850000000000003,0.0011220000000000002,2e-06,0.00028700000000000004,1e-06,72.149,66.876,11.624,17.041,19.504,17.313,0.30966,0.035568999999999996,1.6223,4.3799,4.1479,5.2153,0.2322,0.98293,0.21141999999999997,0.8995200000000001,7
0.29328000000000004,2.1079,6.5459,0.9865799999999999,6.1239,0.76945,1.1008,1.9946,0.51069,0.23440999999999998,0.001104,0.000312,0.0,6.8e-05,0.0,76.51100000000001,71.582,9.5241,13.908,15.909,14.198,1.1532,0.93995,1.7982,5.4943,4.7566,6.4521,0.25525,0.9797299999999999,0.21299,0.88989,7
0.23573000000000002,2.4559,7.3013,0.9753200000000001,4.5288,0.56452,1.0496,2.1115,0.52585,0.22749,0.027395,0.003415,-4.4e-05,-0.001399,2.8000000000000003e-05,73.083,67.316,5.1024,19.645,22.011999999999997,13.085,0.7924399999999999,0.45053999999999994,3.3127,4.4269,3.8391,15.154000000000002,0.16997,0.9888399999999999,0.34133,0.9259999999999999,7
0.32315,2.1312,6.2359,0.98235,5.3461,0.77491,1.114,2.0,0.44627,0.17314000000000002,0.000987,0.000805,1e-06,0.000335,0.0,63.277,58.775,4.9246,18.577,20.885,11.555,0.54503,0.35978000000000004,3.3428,4.9879,4.3324,17.423,0.21016999999999997,0.9865299999999999,0.24725,0.90807,7
0.32656999999999997,2.0973,6.2032,0.9839200000000001,5.5992,0.77557,1.1008,1.9588,0.46561,0.19082000000000002,0.000758,0.00046699999999999997,0.0,0.000181,0.0,57.747,50.067,3.51,19.076,22.653000000000002,9.3883,0.38156999999999996,0.30163,3.6809,4.7511,3.9685,20.768,0.24994,0.98088,0.22613000000000003,0.8892,7
0.28401,2.1114,6.6517,0.9889700000000001,6.7522,0.76848,1.0628,1.9546,0.56119,0.28848,0.001053,0.000251,0.0,3.6e-05,0.0,71.183,75.742,2.3419,24.616,22.169,11.196,0.99725,0.8514200000000001,5.4683,4.6255,4.1534,34.638000000000005,0.33887,0.96255,0.1721,0.8522799999999999,7
0.35436999999999996,2.128,5.9549,0.98331,5.4971,0.76408,1.0433,1.8784,0.46453,0.18903,0.001916,0.000683,1e-06,0.00018700000000000002,0.0,57.766000000000005,57.55,2.1337,22.53,23.331999999999997,8.2352,0.62655,0.43018999999999996,5.1384,4.2173,3.6954,34.589,0.31128,0.9694799999999999,0.20065999999999998,0.8606600000000001,7
0.31072,2.1268,6.3595,0.9836799999999999,5.5583,0.76456,1.109,1.999,0.46908,0.19330999999999998,0.001861,0.0007740000000000001,1e-06,0.00024300000000000002,0.0,65.596,57.278,1.4875,17.55,21.684,6.4793,0.69865,0.32338,6.4268,5.1766,4.2143,61.331,0.26659,0.9797,0.23096999999999998,0.8849,7
0.28261,2.1327,6.6682,0.9858399999999999,5.9626,0.77171,1.1248,2.0544,0.49649,0.22025999999999998,0.0016719999999999999,0.001375,2e-06,0.000637,0.0,65.97800000000001,61.091,5.254,18.7,20.971,11.520999999999999,0.64362,0.2699,3.0273,4.9404,4.1052,14.682,0.24273000000000003,0.9814799999999999,0.2168,0.8917,7
0.2806,2.1353,6.692,0.98626,6.053,0.73147,1.0895,1.9965,0.5313100000000001,0.25309,0.004809000000000001,0.0007070000000000001,-1e-06,-0.000118,1e-06,57.693000000000005,56.333,0.83601,21.539,23.259,5.2627,0.47024,0.21149,8.8728,4.4675,3.7123,101.81,0.28776,0.98108,0.21305,0.87979,7
0.2706,2.121,6.8146,0.9863299999999999,6.0678,0.70578,1.0958,1.9953,0.55192,0.27325,0.008392,0.001818,9e-06,0.0002,-8e-06,61.115,58.928999999999995,0.26195999999999997,17.405,19.195999999999998,2.903,0.9587,0.5844600000000001,15.212,5.7119,4.4567,278.29,0.19054000000000001,0.98869,0.30499,0.92075,7
0.32887,2.1515,6.1815,0.9819899999999999,5.2922,0.746,1.0787,1.952,0.45921000000000006,0.1828,0.00293,0.000556,0.0,9e-06,0.0,64.72,64.05199999999999,2.0614,18.764,19.295,7.7852,0.69009,0.29925,5.2681,5.4501,4.6846,38.676,0.23578000000000002,0.9823200000000001,0.23518000000000003,0.89735,7
0.31724,2.1167,6.2938,0.98354,5.535,0.77613,1.1134,1.9961,0.46026999999999996,0.18591,0.000792,0.000661,1e-06,0.000285,0.0,63.678999999999995,58.698,0.8443700000000001,17.542,20.180999999999997,5.362,0.76573,0.43391,8.8737,5.6935,4.7108,104.64,0.23293000000000003,0.9839200000000001,0.25287,0.89941,7
0.30118,2.1528,6.4594,0.9843200000000001,5.67,0.76557,1.1025,2.0177,0.47728999999999994,0.20114,0.001295,0.000425,0.0,0.00010400000000000001,0.0,66.502,64.721,1.7208,16.75,18.85,6.5726,0.8567299999999999,0.53003,5.3235,5.5879,4.7374,37.529,0.23615999999999998,0.97988,0.23601,0.89391,7
0.2904,2.102,6.5782,0.98762,6.3737,0.76554,1.0846,1.9706,0.53317,0.25761,0.0025989999999999997,0.001622,5e-06,0.0007509999999999999,0.0,65.866,65.437,0.32621,17.012,18.44,3.3187,0.47813,0.38232,16.298,4.9182,4.4389,371.73,0.27588,0.97565,0.22582,0.8801100000000001,7
0.31642,2.1274,6.3019,0.98246,5.3634,0.75063,1.1082,1.9871,0.4621,0.1858,0.002588,0.0006450000000000001,1e-06,8.9e-05,-1e-06,60.794,58.678999999999995,0.36515,18.179000000000002,19.82,3.5521,1.0505,0.7781100000000001,13.565999999999999,6.1904,5.115,261.77,0.24585,0.98024,0.2657,0.89207,7
0.29498,2.1293,6.5269,0.98541,5.8753,0.75413,1.0982,1.9983,0.5010399999999999,0.22355999999999998,0.002479,0.000554,0.0,6.2e-05,1e-06,57.309,59.88,0.74763,22.828000000000003,22.766,5.3777,0.54161,0.34647,9.8938,4.3689,3.9826,129.57,0.29334,0.97801,0.21175,0.8745799999999999,7
0.30007,2.2294,6.4713,0.97926,4.9352,0.66065,1.062,1.9688,0.48605,0.20045,0.011152,0.0017850000000000001,-5e-06,-0.000246,7.000000000000001e-06,57.257,61.18899999999999,0.5114,21.096999999999998,20.590999999999998,4.1357,0.56058,0.34674,11.335,4.6080000000000005,4.1957,180.65,0.22823000000000002,0.98574,0.25194,0.9035,7
0.31937,2.1102,6.2728,0.9844799999999999,5.6981,0.77493,1.0962,1.9679,0.47372,0.19839,0.00116,0.0008210000000000001,1e-06,0.000349,0.0,58.198,56.726000000000006,0.62005,19.982,21.305999999999997,4.9234,0.6735899999999999,0.5266,10.231,5.2932,4.6164,125.46,0.24331,0.9834299999999999,0.24334,0.89397,7
0.31421,2.0983,6.3241,0.98465,5.7302,0.76847,1.1037,1.9718,0.48023999999999994,0.20417000000000002,0.00079,0.00032900000000000003,0.0,0.000103,0.0,70.725,65.172,1.3268,16.515,19.625999999999998,5.6109,0.30771,0.14518,6.0364,4.3373,4.0574,49.77,0.24939,0.9779,0.20931,0.8891100000000001,7
0.7723,3.0297,4.0338,0.39279000000000003,1.0874,0.76884,1.1195,1.7669,0.16315,0.00018600000000000002,0.00025499999999999996,3e-06,0.0,0.0,0.0,54.816,38.056,0.13962,12.853,17.375999999999998,2.1194,1.3324,0.80535,22.502,7.6343,4.8124,649.72,0.1827,0.9883,0.24961999999999998,0.9129200000000001,8
0.83301,3.2651,3.884,0.3455,1.0656,0.78176,1.0189,1.7162,0.16022,0.000103,3.1e-05,0.0,0.0,0.0,0.0,68.703,61.93600000000001,15.487,14.835999999999999,16.326,18.475,1.723,1.4065,1.6147,8.3645,7.0267,6.0221,0.14740999999999999,0.9872299999999999,0.30171,0.9293100000000001,8
0.72223,3.319,4.1713,0.44938,1.1194,0.7803800000000001,1.0493,1.8395,0.1612,0.000328,1.8e-05,0.0,0.0,0.0,0.0,59.49,53.301,5.7795,15.899000000000001,17.89,13.588,1.5787,1.1842,3.2611,8.5043,6.7976,15.713,0.14851,0.98869,0.33741,0.93279,8
0.74812,3.2819,4.0985,0.49344,1.1497,0.77891,1.0279,1.8042,0.16205,0.000505,3.6e-05,0.0,0.0,0.0,0.0,62.924,53.803000000000004,10.445,14.64,17.652,16.067,1.9136,1.1995,2.3114,10.107999999999999,7.3905,9.7091,0.12222000000000001,0.99113,0.34467,0.9428,8
0.7976800000000001,3.2781,3.9691,0.37326,1.0779,0.77996,1.03,1.7514,0.16072,0.000145,6.7e-05,0.0,0.0,0.0,0.0,58.435,52.773,3.8267,15.434000000000001,18.163,11.378,1.4154,0.8488899999999999,4.4605,7.4831,5.1716,28.319000000000003,0.13573,0.98941,0.33389,0.9349200000000001,8
0.7734800000000001,3.3401,4.0307,0.39239,1.0872,0.77718,1.0203,1.7751,0.1614,0.000181,0.00010700000000000001,0.0,0.0,0.0,0.0,56.18899999999999,51.538000000000004,5.7517,14.91,17.278,13.195,1.5404,1.1545,3.2062,8.0949,6.069,15.42,0.1378,0.98982,0.33981999999999996,0.93548,8
0.82194,3.2043,3.9101,0.32928,1.0591,0.77746,1.0455,1.7231,0.16104000000000002,8.499999999999999e-05,0.0001,0.0,0.0,0.0,0.0,53.799,50.655,3.1238,16.311,18.486,10.581,1.3030000000000002,0.86272,4.8302,7.0176,5.1898,32.113,0.15855999999999998,0.9884700000000001,0.29923,0.92506,8
0.79385,3.2264,3.9786,0.28228000000000003,1.0424,0.77346,1.0622,1.7492,0.16175,4.5e-05,0.000168,0.0,0.0,0.0,0.0,58.416000000000004,52.288000000000004,3.5944,15.009,17.677,10.85,1.5465,1.0628,4.0443,7.5315,5.4383,22.434,0.13898,0.98992,0.33102,0.93448,8
0.7914800000000001,3.2412,3.9846,0.27392,1.0398,0.77447,1.061,1.7530000000000001,0.16152,4e-05,0.000155,0.0,0.0,0.0,0.0,64.0,66.44800000000001,2.416,16.915,17.005,9.5865,0.76077,0.5163399999999999,5.5351,5.095,4.3329,41.151,0.15945,0.98621,0.26650999999999997,0.92315,8
0.69133,3.5114,4.2635,0.23988,1.0301,0.7796,1.0563,1.882,0.16041,2.3e-05,1.3000000000000001e-05,0.0,0.0,0.0,0.0,60.583999999999996,44.401,7.6997,12.074000000000002,16.935,13.24,2.3228,1.4104,2.5491,12.887,7.652,11.222000000000001,0.11539,0.99218,0.33592,0.9451,8
0.72036,3.4106,4.1767,0.36788000000000004,1.0754,0.77713,1.041,1.8397,0.16127,0.00013700000000000002,0.00010800000000000001,0.0,0.0,0.0,0.0,56.445,55.141000000000005,2.0038,16.069000000000003,17.771,8.7262,1.3088,0.9006200000000001,6.3368,6.4689,4.7812,53.721000000000004,0.15463,0.9889,0.30267,0.9272,8
0.70531,3.1914,4.221,0.45461999999999997,1.1227,0.75549,1.085,1.8314,0.16655999999999999,0.000368,0.000542,2e-06,0.0,0.0,0.0,76.438,76.753,6.3099,14.962,15.86,14.933,0.71987,0.43676000000000004,3.4121,6.159,5.2442,17.383,0.16508,0.9865200000000001,0.23162,0.9205700000000001,8
0.8779600000000001,3.117,3.7833,0.47863,1.1389,0.78142,1.0054,1.6686,0.16132,0.00043499999999999995,1.2e-05,0.0,0.0,0.0,0.0,63.652,57.472,9.0726,16.145,18.358,16.532,1.6477,1.119,2.8793,8.4577,6.5832,13.425999999999998,0.16544,0.98503,0.33291,0.9234100000000001,8
0.64473,3.5689,4.4148,0.43554,1.1109,0.76903,1.0292,1.9331,0.16344,0.000293,7e-05,0.0,0.0,0.0,0.0,52.193000000000005,40.667,6.3466,14.952,18.914,13.155999999999999,2.2333,1.5347,2.8421,11.95,7.6983,12.537,0.14412,0.9902,0.25104,0.93116,8
0.5586399999999999,3.9057,4.7428,0.18675999999999998,1.0179,0.77596,1.0602,2.0889,0.16112,8e-06,9.7e-05,0.0,0.0,0.0,0.0,65.04,58.602,12.030999999999999,15.675,17.743,17.365,1.4057,0.90038,2.0384,7.9864,6.1404,8.0427,0.15241,0.98825,0.29909,0.9302299999999999,8
0.70922,3.3774,4.2093,0.33534,1.0615,0.7781600000000001,1.0671,1.8558,0.16092,9.2e-05,9.300000000000001e-05,0.0,0.0,0.0,0.0,58.70399999999999,51.46,5.6338,14.431,17.005,12.423,1.5806,1.1676,3.2701,9.2365,6.8415,16.264,0.14103,0.98908,0.34808,0.9359999999999999,8
0.7639100000000001,3.2694,4.0559,0.43073999999999996,1.1081,0.77659,1.0386,1.7848,0.16180999999999998,0.00027400000000000005,4.7e-05,0.0,0.0,0.0,0.0,59.379,55.83,9.8314,16.109,17.858,16.207,1.3506,1.0424,2.5605,7.736000000000001,6.0112,11.467,0.14987999999999999,0.9885700000000001,0.31567,0.93,8
0.7157399999999999,3.3587,4.1901,0.46048999999999995,1.1265,0.77666,1.0358,1.8431,0.16209,0.00037,7.4e-05,0.0,0.0,0.0,0.0,68.637,59.763999999999996,16.397000000000002,17.623,20.842,20.635,1.3047,0.76513,1.9856,6.9479,5.5331,8.5133,0.18528,0.9855200000000001,0.24093,0.91564,8
0.7157399999999999,3.3587,4.1901,0.46048999999999995,1.1265,0.77666,1.0358,1.8431,0.16209,0.00037,7.4e-05,0.0,0.0,0.0,0.0,68.637,59.763999999999996,16.397000000000002,17.623,20.842,20.635,1.3047,0.76513,1.9856,6.9479,5.5331,8.5133,0.18528,0.9855200000000001,0.24093,0.91564,8
0.77977,3.2322,4.0144,0.44783,1.1184,0.7733300000000001,1.0328,1.7624,0.16265,0.00032900000000000003,0.000162,0.0,0.0,0.0,0.0,60.3,55.478,2.539,14.92,16.25,9.6528,1.1878,0.84405,5.2066,6.6207,5.6525,36.878,0.11982000000000001,0.99177,0.34124,0.94365,8
0.7764,3.3412,4.0231,0.38987,1.0859,0.77565,1.0176,1.7701,0.1617,0.000177,4.6e-05,0.0,0.0,0.0,0.0,56.277,53.841,3.5060000000000002,19.114,19.593,13.329,1.692,1.3118,5.1291,8.0909,6.6436,34.245,0.17062,0.9850399999999999,0.33941,0.9245399999999999,8
0.71429,3.4708,4.1944,0.2694,1.0384,0.7773899999999999,1.0456,1.8488,0.16091,3.7e-05,7.099999999999999e-05,0.0,0.0,0.0,0.0,52.373999999999995,42.663000000000004,3.4035,14.482999999999999,18.18,9.6291,1.7496,1.1871,4.2256,9.5678,6.4091,25.6,0.14363,0.9903299999999999,0.26954,0.93137,8
0.82373,3.1546,3.9058,0.31571,1.0539,0.77545,1.062,1.7191,0.16142,7.2e-05,0.000149,0.0,0.0,0.0,0.0,58.086999999999996,53.013000000000005,5.1524,13.485,16.203,10.925999999999998,1.5703,0.97656,3.2041,8.7567,6.1012,16.822,0.11789000000000001,0.9909,0.35625,0.9443299999999999,8
0.39708000000000004,3.2085,5.6256,0.78417,1.6115,0.77446,1.2155,2.4065,0.18012999999999998,0.0063950000000000005,1.3000000000000001e-05,0.0,0.0,0.0,0.0,68.406,61.42,19.504,17.525,18.885,21.953000000000003,0.5845199999999999,0.39479000000000003,1.287,4.8339,4.6754,4.9356,0.17609,0.98834,0.24553000000000003,0.9214,9
0.42608,3.1830000000000003,5.4307,0.82232,1.7574,0.77542,1.1333,2.2991,0.18750999999999998,0.009174,0.00011,1.2e-05,0.0,1e-06,0.0,68.60300000000001,67.8,15.091,15.600999999999999,15.982000000000001,19.55,0.41331,0.24846999999999997,1.5169,5.1166,4.9830000000000005,5.8621,0.18413,0.9859399999999999,0.22461,0.9166200000000001,9
0.47393,3.1245,5.1493,0.84978,1.8969999999999998,0.77766,1.0552,2.1589,0.19483,0.012121999999999999,0.000101,1.4999999999999999e-05,0.0,1e-06,0.0,78.972,73.29899999999999,40.417,15.097000000000001,16.259,20.257,0.47225,0.33602,0.14557,5.8666,5.6815,4.0383,0.16077,0.98546,0.25743,0.9283299999999999,9
0.43423999999999996,3.1822,5.3795,0.83799,1.8325,0.77537,1.0996,2.2638,0.1917,0.010759999999999999,0.000151,2.2e-05,0.0,2e-06,0.0,78.788,72.44800000000001,30.896,15.799000000000001,17.137999999999998,22.337,0.6382800000000001,0.25417,0.5141899999999999,4.8861,5.0215,3.3694,0.16155999999999998,0.9869399999999999,0.23358,0.9249700000000001,9
0.40168000000000004,3.2924,5.5933,0.80308,1.6782,0.77732,1.1562,2.3853,0.18285,0.007573999999999999,3.6e-05,2e-06,0.0,0.0,0.0,70.015,65.482,19.515,18.246,19.15,22.820999999999998,0.59767,0.43182,1.3,4.6072,4.3569,4.9535,0.18625999999999998,0.9865,0.22533000000000003,0.9173399999999999,9
0.47833000000000003,3.1211,5.1256,0.81088,1.7088,0.77947,1.1091,2.1838,0.18394000000000002,0.008117000000000001,3.3e-05,4e-06,0.0,0.0,0.0,76.48100000000001,75.178,28.881,16.901,17.511,22.145,0.11886,-0.037856,0.54269,5.113,4.8886,3.467,0.1616,0.98629,0.24001999999999998,0.9260799999999999,9
0.44547,3.1399,5.3112,0.8368700000000001,1.8268,0.7770699999999999,1.1032,2.2386,0.19096,0.010589,9.300000000000001e-05,1.1e-05,0.0,1e-06,0.0,76.524,72.304,41.621,16.178,16.925,20.854,0.45182,0.2531,0.030631,4.6679,4.7996,3.4586,0.17301,0.9850700000000001,0.23556,0.9203100000000001,9
0.44197,3.141,5.3322,0.82849,1.7857,0.77451,1.1179999999999999,2.2511,0.18929,0.009783,0.000101,1.4999999999999999e-05,0.0,2e-06,0.0,75.257,74.67399999999999,27.682,16.391,16.861,22.246,0.5744199999999999,0.35002,0.6545300000000001,5.3432,4.9866,3.5394,0.17600000000000002,0.98577,0.23045,0.91924,9
0.4081,3.3024,5.5491,0.83521,1.8184,0.77756,1.0988,2.3412,0.19037,0.010395999999999999,8.1e-05,1.2e-05,0.0,1e-06,0.0,80.318,78.11,40.652,16.102999999999998,16.98,22.162,0.70173,0.53857,0.15362,5.3814,5.348,3.3615,0.17714000000000002,0.98367,0.25132,0.91848,9
0.41516000000000003,3.0552,5.5017,0.86744,2.0099,0.77735,1.1199,2.2848,0.2016,0.014786,7e-05,1.4000000000000001e-05,0.0,2e-06,0.0,70.65100000000001,67.387,32.277,16.695999999999998,17.475,21.963,0.5463,0.39245,0.39996,5.3239,5.3176,3.4433,0.17322,0.9869600000000001,0.22453,0.92074,9
0.39971999999999996,3.1408,5.6069,0.82967,1.7913,0.7739199999999999,1.1734,2.3651,0.18975,0.009916,3.1e-05,3e-06,0.0,0.0,0.0,69.051,67.22800000000001,13.152999999999999,17.561,18.702,19.09,0.35545,0.21081999999999998,1.8668,4.9082,4.5813,7.6033,0.16399999999999998,0.9885,0.23659000000000002,0.92625,9
0.40864,3.0892,5.5454,0.84649,1.8783,0.77325,1.1518,2.3219,0.19485,0.011834,8.2e-05,1.2e-05,0.0,1e-06,0.0,69.313,64.346,19.957,16.472,17.654,20.160999999999998,0.7852,0.5532,1.192,6.1366,5.6043,5.0983,0.17651,0.9876299999999999,0.23833000000000001,0.92037,9
0.39321,3.17,5.6532,0.8565799999999999,1.9379,0.77644,1.1288,2.3603,0.19752999999999998,0.0131,0.00011999999999999999,1.8e-05,0.0,2e-06,0.0,71.66,69.579,19.152,17.42,18.044,20.923000000000002,0.503,0.33662,1.2853,5.4837,5.1395,5.2755,0.17698,0.9863799999999999,0.21961,0.9192100000000001,9
0.5070600000000001,3.2734,4.9782,0.74412,1.4969,0.7794300000000001,1.0974,2.1536,0.1736,0.004417,5.9999999999999995e-05,3e-06,0.0,0.0,0.0,67.62100000000001,72.017,7.9338,20.285,20.104,17.500999999999998,0.28969,0.15168,2.7597,3.6392,3.5956,11.743,0.19760999999999998,0.98445,0.2101,0.9092399999999999,9
0.33219,3.5449,6.1506,0.79225,1.6388,0.76991,1.1892,2.6181,0.18257,0.006973,0.000128,1e-05,0.0,1e-06,0.0,68.572,66.17399999999999,18.820999999999998,17.499000000000002,18.311,21.064,0.7291300000000001,0.58215,1.3302,5.5156,5.1438,5.2704,0.1658,0.9887299999999999,0.24503000000000003,0.9252,9
0.41236000000000006,3.2147,5.5204,0.8408100000000001,1.8473,0.77984,1.1157,2.327,0.19144,0.010955,3.9e-05,4e-06,0.0,0.0,0.0,70.991,63.86600000000001,26.108,16.134,17.767,22.22,0.35955,0.20709,0.70522,5.3776,5.0163,3.4444,0.17034000000000002,0.9873,0.22833,0.9221,9
0.37758,3.2022,5.769,0.8578399999999999,1.9459,0.77495,1.1369,2.4048,0.19838,0.013337,5.6999999999999996e-05,9e-06,0.0,1e-06,0.0,67.222,63.02,26.932,18.465999999999998,19.796,22.92,0.49077,0.31218,0.7289,5.0095,4.7093,3.4812,0.19024000000000002,0.9865700000000001,0.22094,0.9144100000000001,9
0.38038,3.9419,5.7477,0.62195,1.2770000000000001,0.77377,1.135,2.5092,0.1664,0.001592,0.00010800000000000001,1e-06,0.0,0.0,0.0,72.27,72.075,16.748,18.235,18.977,21.225,0.75348,0.54109,1.4992,5.0331,4.495,5.6222,0.17245,0.98693,0.22111,0.92095,9
0.43585,3.2395,5.3696,0.7994100000000001,1.6645,0.7742899999999999,1.1305,2.2878,0.18285,0.007372,0.000153,1.6e-05,0.0,1e-06,0.0,80.107,78.77,46.818000000000005,16.099,16.467,20.179000000000002,0.4055,0.21394000000000002,-0.035689,5.0348,4.9311,3.9113,0.15032,0.98685,0.27291,0.9309299999999999,9
0.39526999999999995,3.5294,5.6384,0.74441,1.4976,0.77453,1.1489,2.4314,0.17473,0.004485,7e-05,4e-06,0.0,0.0,0.0,70.47800000000001,68.93,18.612000000000002,18.487000000000002,19.305999999999997,21.406,0.5272,0.34448,1.3079,4.8999,4.4495,5.0517,0.17182,0.9875299999999999,0.22513000000000002,0.9223399999999999,9
0.44203000000000003,3.0518,5.3319,0.85196,1.9098,0.77652,1.1141,2.2314,0.19585999999999998,0.012449,0.000124,2.1e-05,0.0,2e-06,0.0,68.535,60.806000000000004,24.355,17.209,18.815,23.021,0.35801,0.13427999999999998,0.741,4.1886,3.9636,2.9161,0.17219,0.98741,0.22596999999999998,0.9199799999999999,9
0.32319000000000003,3.4167,6.2356,0.8590399999999999,1.9535,0.77547,1.1499,2.5985,0.1987,0.013499,4.9e-05,9e-06,0.0,1e-06,0.0,70.211,63.604,23.523000000000003,16.438,17.831,22.773000000000003,0.84664,0.49161000000000005,1.01,5.6642,4.9867,4.301,0.17296,0.98787,0.23681,0.9224399999999999,9
0.37483,3.1041,5.7901,0.8671700000000001,2.008,0.77595,1.1596,2.4028,0.20185,0.014792,4e-06,0.0,0.0,0.0,0.0,62.73,59.218999999999994,13.354000000000001,19.785999999999998,21.193,21.021,0.37724,0.2645,1.7717,4.0209,3.7044,6.0263,0.17679,0.98829,0.23619,0.92119,9
0.57985,2.642,4.6553,0.86364,1.9837,0.77793,1.1035,1.9382,0.19987,0.014131,3.2e-05,5e-06,0.0,1e-06,0.0,49.091,48.979,9.3914,16.276,16.535,15.174000000000001,0.9365100000000001,0.6647,2.4861,7.0662,5.8537,10.895,0.17592,0.9876799999999999,0.30078,0.92866,10
0.68609,2.5906,4.2797,0.80982,1.7045,0.7744,1.1135,1.8181,0.18492,0.008139,0.000101,1.7e-05,0.0,2e-06,0.0,57.367,57.193999999999996,18.211,14.612,15.29,16.13,0.62184,0.24756,1.4718,8.3079,6.5802,6.8839,0.15724000000000002,0.9891,0.30788000000000004,0.9324100000000001,10
0.55766,2.463,4.747,0.89764,2.269,0.767,1.1206,1.9157,0.2208,0.022194,0.000297,0.000103,0.0,1.4999999999999999e-05,0.0,50.706,52.191,9.2254,15.52,15.757,14.758,0.7287899999999999,0.67467,2.3680000000000003,6.3382,5.9281,10.07,0.15562,0.9893700000000001,0.314,0.9370299999999999,10
0.62198,2.7434,4.4949,0.8396,1.8409,0.77641,1.064,1.8916,0.19192,0.010912999999999999,9.7e-05,8e-06,0.0,0.0,0.0,71.149,70.80199999999999,31.063000000000002,13.218,14.182,15.835,-0.14795999999999998,-0.2492,-0.08489,6.5984,5.8555,3.4985,0.17634,0.9840899999999999,0.2418,0.9190799999999999,10
0.53049,2.9360000000000004,4.8671,0.8226100000000001,1.7587,0.76813,1.0956,2.0506,0.18936,0.009377,2.8000000000000003e-05,2e-06,0.0,0.0,0.0,56.218,66.98899999999999,2.9145,18.88,17.284000000000002,9.1776,-0.2895,-0.5768800000000001,5.0016,4.6605,5.1354,38.547,0.16289,0.9879100000000001,0.24253000000000002,0.92463,10
0.62445,2.642,4.486000000000001,0.85108,1.9046,0.78023,1.0868,1.8827,0.19463,0.012213,1.6e-05,4e-06,0.0,0.0,0.0,74.226,85.336,22.006999999999998,16.476,15.243,16.887999999999998,-0.5393,-0.72163,0.42594,5.3712,4.7955,3.4061,0.13593,0.98692,0.29885,0.93694,10
0.59301,2.805,4.6033,0.8156899999999999,1.7286,0.78045,1.1027,1.9595,0.18475999999999998,0.008483,6e-06,2e-06,0.0,0.0,0.0,62.861000000000004,73.885,2.2042,17.572,15.804,9.4823,-0.38366999999999996,-0.74106,6.4132,5.8016,6.1033,53.482,0.17693,0.98572,0.21764,0.9161799999999999,10
0.58272,2.815,4.6438,0.8241799999999999,1.7657,0.78105,1.0972,1.9718,0.18661,0.009212,7.000000000000001e-06,0.0,0.0,0.0,0.0,60.122,63.586999999999996,9.6444,15.231,15.332,14.004000000000001,-0.19758,-0.46076999999999996,2.2871,6.4791,5.9134,10.17,0.16369,0.9875799999999999,0.26021,0.92405,10
0.59635,2.8755,4.5904,0.80271,1.6768,0.77855,1.0878,1.9594,0.18248,0.007523,3.9e-05,5e-06,0.0,0.0,0.0,67.95100000000001,76.07,6.7912,14.285,13.558,11.642999999999999,-0.37389,-0.46953,2.6266,6.5656,6.1654,12.842,0.1703,0.98485,0.23524,0.91859,10
0.54891,2.8819,4.7847,0.8193299999999999,1.7442,0.78155,1.1113,2.0357,0.18533,0.008767,1.7e-05,3e-06,0.0,0.0,0.0,65.57,75.91,13.261,16.85,15.613,14.812999999999999,-0.71434,-0.85613,1.2721,5.7013,5.5648,5.0248,0.15275999999999998,0.98716,0.24163,0.92732,10
0.6195,2.7353,4.5038,0.8461299999999999,1.8762,0.78246,1.0633,1.8973,0.19244,0.011512,2.5e-05,4e-06,0.0,0.0,0.0,66.157,63.475,21.766,12.83,13.544,15.472000000000001,-0.38097,-0.51703,0.4217,6.7217,6.5739,3.1451,0.15288,0.98664,0.25376,0.9281,10
0.623,2.7466,4.4912,0.83791,1.8321,0.7837,1.0694,1.9002,0.18964,0.010523999999999999,9e-06,1e-06,0.0,0.0,0.0,63.636,68.061,12.388,14.171,13.845999999999998,13.684000000000001,-0.55092,-0.7176100000000001,1.4191,6.6278,6.127000000000001,5.6199,0.18164,0.98424,0.23021,0.91402,10
0.67038,2.6917,4.3296,0.81658,1.7324,0.78037,1.0795,1.8424,0.18498,0.00856,7.000000000000001e-06,0.0,0.0,0.0,0.0,66.042,62.601000000000006,24.098000000000003,13.895,14.862,16.349,-0.12378,-0.22971,0.40244,7.0812,5.9434,3.3547,0.17356,0.98603,0.23719,0.92124,10
0.63243,2.6364,4.4576,0.8431299999999999,1.8597,0.7810199999999999,1.0957,1.8786,0.19185,0.011192,9e-06,0.0,0.0,0.0,0.0,65.03699999999999,67.432,22.133000000000003,14.205,14.494000000000002,16.406,-0.41376999999999997,-0.38813000000000003,0.51827,6.1703,5.6434,3.2058,0.16513,0.9859899999999999,0.22998000000000002,0.92386,10
0.63861,2.7749,4.436,0.81592,1.7296,0.78055,1.0739,1.8883,0.18479,0.0085,2e-06,0.0,0.0,0.0,0.0,63.33,59.988,9.9938,14.917,15.850999999999999,14.106,0.0761,-0.05821799999999999,2.0324,6.5723,6.0628,8.5855,0.14903,0.98831,0.28062,0.9321,10
0.6351399999999999,2.7796,4.4481,0.81703,1.7343,0.77892,1.0724,1.8907,0.18542,0.008629000000000001,1.3000000000000001e-05,1e-06,0.0,0.0,0.0,60.895,66.036,15.773,14.739,14.799000000000001,14.824000000000002,-0.46799999999999997,-0.52171,0.95821,6.5865,5.9295,4.0759,0.17718,0.9845,0.23885,0.9162,10
0.55891,2.9115,4.7417,0.8055399999999999,1.6876,0.77787,1.1057,2.0214,0.18320999999999998,0.007742,1.7e-05,1e-06,0.0,0.0,0.0,66.516,70.152,21.901999999999997,16.977999999999998,16.55,18.947,-0.13765,-0.4273,1.0552,5.7911,5.2858,5.0295,0.1728,0.9857299999999999,0.21824000000000002,0.9188,10
0.6513100000000001,2.5506,4.3925,0.85172,1.9084,0.78078,1.1015,1.8436,0.19471,0.012281,6e-06,1e-06,0.0,0.0,0.0,64.476,72.722,13.440999999999999,17.035999999999998,15.999,14.725,-0.77732,-0.84495,1.1806,5.3944,5.46,4.3134,0.16834000000000002,0.98606,0.2262,0.9217200000000001,10
0.6762199999999999,2.5813,4.3108,0.84706,1.8815,0.77677,1.073,1.8086,0.19415,0.011798999999999999,7.099999999999999e-05,1.1e-05,0.0,1e-06,0.0,56.051,57.907,6.2913,14.915,15.165999999999999,10.834000000000001,-0.39461999999999997,-0.56404,2.5628,5.2732,5.2035,11.936,0.13475,0.9893799999999999,0.31511,0.93939,10
0.6483800000000001,2.5397,4.4024,0.8460200000000001,1.8756,0.78017,1.1179999999999999,1.8519,0.19297,0.011566,3e-06,0.0,0.0,0.0,0.0,61.276,67.619,14.834000000000001,15.433,15.895999999999999,13.989,-0.20561,-0.35317,0.95985,5.7842,4.8644,4.3242,0.18805999999999998,0.98564,0.22537,0.91153,10
0.6009899999999999,2.7401,4.5727,0.82606,1.7744,0.77427,1.1024,1.9319,0.18872,0.009553,1.2e-05,1e-06,0.0,0.0,0.0,65.119,66.10300000000001,16.334,14.814,15.5,15.773,-0.47718,-0.61828,0.98869,6.1619,5.5029,4.1246,0.1842,0.9856,0.21952,0.9141,10
0.61088,2.6482,4.5355,0.82921,1.7891,0.77784,1.1293,1.9183,0.18867,0.009770000000000001,2e-06,0.0,0.0,0.0,0.0,61.647,66.156,13.985999999999999,17.340999999999998,16.977999999999998,15.752,-0.092547,-0.51903,1.5118,6.0985,5.2788,6.17,0.18783,0.9862700000000001,0.22445,0.9117200000000001,10
0.6943199999999999,2.5287,4.2543,0.83234,1.8042,0.78084,1.1068,1.8007,0.18877,0.010009,4e-06,1e-06,0.0,0.0,0.0,58.655,63.701,6.2889,16.805,16.347,12.392999999999999,-0.18011,-0.30009,2.6853,5.051,4.8968,11.753,0.14465999999999998,0.98859,0.26750999999999997,0.9334399999999999,10
0.528,3.5995,4.8785,0.41671,1.1001,0.74539,1.1157,2.1036,0.16846,0.00025699999999999996,0.00031099999999999997,3e-06,0.0,0.0,0.0,70.525,60.165,14.306,11.775,14.687000000000001,16.188,0.8534799999999999,0.24078000000000002,1.4198,6.9742,5.9702,6.1443,0.17340999999999998,0.98641,0.25732,0.924,11
0.504,3.531,4.9933,0.21911999999999998,1.0249,0.75292,1.2121,2.1662,0.16607,1.7e-05,0.000293,0.0,0.0,0.0,0.0,70.37100000000001,57.778999999999996,13.472000000000001,12.262,15.24,16.364,0.66042,0.11596,1.5832,6.1421,5.7598,6.4925,0.15107,0.98974,0.27828,0.93416,11
0.58658,3.3411,4.6285,0.34486,1.0654,0.77378,1.1806,2.0347,0.16187,0.000105,4.6e-05,0.0,0.0,0.0,0.0,68.411,62.586000000000006,6.0122,13.677999999999999,16.656,12.433,0.5832,0.21758000000000002,3.6201,6.4162,5.3627,23.468000000000004,0.16435,0.98746,0.26135,0.92701,11
0.55288,3.4679,4.7675,0.3196,1.0553,0.76722,1.1721,2.0872,0.16316,7.7e-05,0.000146,0.0,0.0,0.0,0.0,75.203,64.395,22.86,13.821,16.017,19.597,0.31094,0.05148,0.77351,5.9253,6.0122,3.9566,0.15464,0.98869,0.24028000000000002,0.93069,11
0.48996999999999996,3.6260000000000003,5.0643,0.34457,1.0652,0.7468100000000001,1.1694,2.1872,0.16771,0.00011200000000000001,0.000368,1e-06,0.0,0.0,0.0,74.329,61.174,24.52,13.85,17.495,19.801,0.42873,0.007437999999999999,0.65993,5.6638,5.1961,3.7791,0.16365,0.9885700000000001,0.2384,0.9273899999999999,11
0.54891,3.5531,4.7847,0.42873999999999995,1.1069,0.75539,1.1124,2.0766,0.16633,0.000283,0.000338,1e-06,0.0,0.0,0.0,66.176,56.746,9.471,12.245999999999999,15.387,14.963,0.7343,0.17656,2.4327,7.3662,5.9508,11.998,0.11700999999999999,0.99231,0.31214000000000003,0.94789,11
0.55169,3.3542,4.7726,0.10142000000000001,1.0052,0.75998,1.2372,2.0803,0.16448,1e-06,0.00027400000000000005,0.0,0.0,0.0,0.0,68.828,57.74100000000001,11.110999999999999,14.597000000000001,19.064,16.977,0.76103,0.13055,2.1953,6.0055,4.7346,10.184,0.17354,0.98821,0.24786999999999998,0.92305,11
0.56908,3.4343,4.6991,0.38366999999999996,1.0829,0.76185,1.1477,2.0492,0.1646,0.000171,0.00018600000000000002,0.0,0.0,0.0,0.0,74.154,62.71,19.736,12.74,15.727,17.564,0.31181,-0.051522000000000005,0.9103700000000001,7.2402,5.8543,4.4598,0.16013,0.98834,0.24061999999999997,0.9280200000000001,11
0.47558999999999996,3.8248,5.1403,0.48496999999999996,1.1435,0.74846,1.0873,2.2185,0.16851,0.000504,0.000266,1e-06,0.0,0.0,0.0,74.296,59.24100000000001,20.163,10.788,13.636,16.838,0.46642,-0.034016000000000005,0.74531,7.6367,6.4407,3.7914,0.14825,0.9897100000000001,0.26289,0.9338799999999999,11
0.50417,3.8457,4.9925,0.53942,1.1876,0.7502300000000001,1.0318,2.1542,0.16908,0.0008289999999999999,0.000297,5e-06,0.0,0.0,0.0,68.559,54.323,4.9329,11.814,16.203,10.832,0.3432,-0.066518,3.3693,7.0248,4.8485,19.824,0.13415,0.9908399999999999,0.30327,0.9427,11
0.55303,3.5414,4.7668,0.41466000000000003,1.0989,0.75803,1.1179,2.0728,0.16563,0.00024300000000000002,0.000124,3e-06,0.0,0.0,0.0,65.919,52.528999999999996,5.9783,12.884,17.053,12.294,0.61906,0.11990999999999999,3.1525,6.8323,5.0477,17.753,0.15449000000000002,0.98915,0.29689,0.9355100000000001,11
0.58644,3.2707,4.6291,0.47281999999999996,1.1349,0.7641,1.1613,2.0192,0.1649,0.00043099999999999996,0.000341,1e-06,0.0,0.0,0.0,71.23,62.842,8.2125,12.745999999999999,15.252,14.198,0.51383,0.28528000000000003,2.7667,6.8482,6.3577,15.288,0.1407,0.9900700000000001,0.26979000000000003,0.9366700000000001,11
0.5489,3.5085,4.7848,0.3485,1.0669,0.7566,1.1484,2.0799,0.16555999999999998,0.00011499999999999999,0.00036,0.0,0.0,0.0,0.0,73.665,63.03,20.08,13.120999999999999,16.057000000000002,19.311,0.42415,0.007238,0.9272299999999999,5.9703,5.0349,3.9951,0.15018,0.98944,0.24645999999999998,0.93109,11
0.5152800000000001,3.5223,4.9384,0.40048,1.0913,0.75259,1.1643,2.14,0.16673,0.00021099999999999998,0.000273,1e-06,0.0,0.0,0.0,72.445,57.26,17.421,13.359000000000002,17.27,18.305,0.50272,-0.11987,1.2081,5.3999,5.3158,5.0506,0.14262,0.99049,0.26292,0.9368200000000001,11
0.5260600000000001,3.5131,4.8875,0.41518,1.0992,0.75502,1.153,2.121,0.1663,0.000246,0.00028399999999999996,0.0,0.0,0.0,0.0,72.967,59.167,16.241,11.800999999999998,15.187999999999999,17.570999999999998,0.65167,0.24117,1.3354,6.5175,5.6321,5.6669,0.13163,0.99136,0.28049,0.9424399999999999,11
0.5362,3.4548,4.8411,0.34476,1.0653,0.75744,1.1816,2.1056,0.16535999999999998,0.000109,0.000359,1e-06,0.0,0.0,0.0,76.46600000000001,65.813,21.395,12.171,14.527999999999999,17.953,0.083097,-0.2087,0.63848,5.6187,5.8861,3.3892,0.14761,0.9892700000000001,0.25034,0.9332,11
0.51679,3.6951,4.9312,0.50089,1.1554,0.75039,1.0755,2.1303,0.16832,0.000583,0.00028900000000000003,4e-06,0.0,0.0,0.0,75.312,66.855,18.52,16.854,19.686,20.658,0.62749,-0.005522,1.1435,5.4752,3.9054,4.4293,0.16839,0.9867600000000001,0.21721999999999997,0.9243899999999999,11
0.49455,3.6685,5.0408,0.49983999999999995,1.1546,0.74055,1.1005,2.1634,0.17054,0.000593,0.000491,3e-06,0.0,0.0,0.0,73.43,59.91,24.818,12.508,15.767000000000001,18.837,0.71403,0.10076,0.78088,8.2431,5.9858,4.6609,0.15792,0.9889100000000001,0.24428000000000002,0.9293100000000001,11
0.55834,3.4663,4.7441,0.37329,1.0779,0.76057,1.1496,2.0672,0.16480999999999998,0.000152,0.00018999999999999998,1e-06,0.0,0.0,0.0,74.92399999999999,61.781000000000006,26.621,13.074000000000002,16.627,20.775,0.47226999999999997,-0.10461,0.7180300000000001,5.9684,5.6676,4.1237,0.14787,0.98939,0.24084,0.9327,11
0.55588,3.2028,4.7546,0.48382,1.1426,0.75489,1.2066,2.0609,0.16706,0.00049,0.000424,2e-06,0.0,0.0,0.0,71.482,61.381,21.901999999999997,14.174000000000001,16.92,20.160999999999998,0.28467,-0.022078,0.84878,5.4782,5.0484,3.9852,0.16449,0.98835,0.23703000000000002,0.92738,11
0.53063,3.5521,4.8664,0.22685999999999998,1.0268,0.7588600000000001,1.1778,2.1195,0.16477999999999998,1.9e-05,0.000325,0.0,0.0,0.0,0.0,74.457,66.393,37.744,14.214,16.007,19.596,0.40312,0.087288,0.12319000000000001,6.6483,6.194,4.3175,0.1458,0.98906,0.24518,0.9334,11
0.5466300000000001,3.2694,4.7946,0.47186000000000006,1.1342,0.7620100000000001,1.2021,2.0886,0.16534000000000001,0.000429,0.00028399999999999996,1e-06,0.0,0.0,0.0,67.16,51.256,13.982999999999999,11.524000000000001,16.093,16.457,0.81872,0.19255,1.7347,8.5061,6.0682,8.7177,0.12258,0.9920899999999999,0.316,0.94606,11
0.5524100000000001,3.5053,4.7695,0.35226999999999997,1.0685,0.7601899999999999,1.1477,2.0781,0.16479000000000002,0.00011899999999999999,0.0003,0.0,0.0,0.0,0.0,72.816,61.32,20.351,12.872,15.232000000000001,19.28,0.8553299999999999,0.45551,1.2135,7.316,6.7246,6.0988,0.15272,0.98931,0.25677,0.9317799999999999,11
0.7103,3.179,4.2061,0.31167,1.0524,0.75608,1.1214,1.8281,0.16554000000000002,7.099999999999999e-05,0.000145,0.0,0.0,0.0,0.0,63.451,57.216,8.3072,16.486,19.967,14.083,0.77144,0.13514,2.0183,6.2482,4.7343,7.188,0.17212,0.9885799999999999,0.24415,0.91727,12
0.54476,3.01,4.8029,0.65572,1.3245,0.75168,1.2021,2.0617,0.1729,0.002242,0.0005269999999999999,3.7e-05,0.0,2e-06,0.0,66.243,59.424,3.8883,16.355999999999998,20.095,10.732000000000001,0.71702,0.18141,3.6064,5.5028,4.2962,17.774,0.17829,0.98834,0.24289000000000002,0.91486,12
0.6714600000000001,3.0665,4.3261,0.27552,1.0403,0.74373,1.1928,1.865,0.1682,4.4e-05,0.00056,5e-06,0.0,0.0,0.0,66.385,55.876999999999995,5.3171,15.437000000000001,20.26,11.775,1.0419,0.45774,3.0461,7.2773,5.0094,14.53,0.17493,0.98888,0.25894,0.9167,12
0.6312399999999999,2.8128,4.4618,0.63371,1.2927,0.7290399999999999,1.1912,1.8892,0.17714000000000002,0.0019809999999999997,0.00124,7.5e-05,0.0,3e-06,0.0,64.743,59.113,5.6355,15.247,17.897000000000002,11.762,0.80072,0.4096,2.8236,6.6216,5.1453,12.855,0.15617,0.9900700000000001,0.27487,0.9254,12
0.62354,3.0201,4.4892,0.48123,1.1408,0.73568,1.1937,1.9211,0.17139000000000001,0.000504,0.0008349999999999999,1.6e-05,0.0,0.0,0.0,66.479,56.981,9.2814,14.942,18.475,14.285,0.8522,0.30339,1.7572,6.8793,5.0854,5.9349,0.14749,0.9906799999999999,0.27055,0.9289200000000001,12
0.68686,3.2877,4.2773,0.34615999999999997,1.0659,0.7589,1.0978,1.8621,0.16505,0.00011100000000000001,0.000459,1e-06,0.0,0.0,0.0,77.465,73.82,14.558,18.737000000000002,21.837,21.259,0.4519,0.19592,1.3840000000000001,3.3680000000000003,3.1189,3.9694,0.14807,0.9887799999999999,0.21627,0.92743,12
0.59545,2.9682,4.5939,0.48838000000000004,1.146,0.72224,1.2287,1.9475,0.17468,0.000559,0.001291,3.1e-05,0.0,1e-06,0.0,78.49,70.803,29.088,17.864,21.515,25.871,0.24913000000000002,0.037106,0.59997,3.9019999999999997,3.5087,2.5225,0.13360999999999998,0.99054,0.24538000000000001,0.9347,12
0.60407,3.1573,4.561,0.39910999999999996,1.0906,0.73463,1.1856,1.9528,0.17079,0.000218,0.0009480000000000001,1.3000000000000001e-05,0.0,0.0,0.0,66.972,56.721000000000004,14.718,15.482999999999999,19.535999999999998,18.561,0.98956,0.49301000000000006,1.3283,6.5154,4.8481,4.2663,0.13871,0.99126,0.27204,0.9329999999999999,12
0.59486,3.3922,4.5962,0.2793,1.0414,0.7348,1.1381,1.9695,0.17025,4.8e-05,0.0007,0.0,0.0,0.0,0.0,77.384,49.563,8.2457,13.775,21.051,15.057,1.3518,0.60482,2.2254,7.3324,5.003,7.9569,0.14758,0.99074,0.26987,0.92848,12
0.67533,3.3675,4.3137,0.4547,1.1228,0.7549600000000001,1.0504,1.8709,0.16668,0.00036899999999999997,0.000319,0.0,0.0,0.0,0.0,62.474,50.119,15.814,17.302,21.767,19.296,0.84159,0.37101999999999996,1.125,5.4796,4.1456,3.4233,0.1662,0.9894200000000001,0.22901999999999997,0.91899,12
0.6786800000000001,3.1711,4.303,0.18211,1.0170000000000001,0.75442,1.1687,1.8687,0.16571,8e-06,0.00046399999999999995,3e-06,0.0,0.0,0.0,80.28,47.606,5.9017,12.879000000000001,20.695,12.411,1.2161,0.4554,2.6663,7.5412,4.9759,10.658,0.14659,0.9908600000000001,0.27485,0.9291,12
0.6319600000000001,3.4116,4.4592,0.45591000000000004,1.1236,0.74963,1.0677,1.9272,0.16788,0.000379,0.00042800000000000005,0.0,0.0,0.0,0.0,63.31399999999999,50.331,13.083,16.8,21.288,17.576,0.9723200000000001,0.40093,1.4005,6.2664,4.6144,4.4742,0.16474,0.98959,0.24347,0.92007,12
0.62783,3.2832,4.4739,0.2333,1.0284,0.74955,1.1633,1.9365,0.16683,2.2e-05,0.000472,1e-06,0.0,0.0,0.0,64.50399999999999,55.839,20.019000000000002,14.895999999999999,17.954,18.454,0.97982,0.41871,0.65366,7.3528,5.4469,2.6334,0.14825,0.9902,0.2642,0.9282799999999999,12
0.68153,3.1804,4.294,0.33906,1.063,0.7532,1.1365,1.8625,0.16627,0.000103,0.000424,3e-06,0.0,0.0,0.0,65.043,50.591,6.7166,14.811,20.077,12.554,1.2266,0.42918,2.3605,7.9422,5.0304,9.2489,0.15728,0.9901200000000001,0.27196,0.92458,12
0.58868,3.1232,4.6203,0.42115,1.1025,0.74202,1.2136,1.9876,0.16926,0.000271,0.000726,1.1e-05,0.0,0.0,0.0,64.421,51.22,17.230999999999998,15.883,20.754,18.45,1.0601,0.39953,0.91004,6.8811,4.8068,3.0067,0.1543,0.99065,0.26186,0.92581,12
0.64804,3.0726,4.4036,0.34024,1.0634,0.7428,1.1978,1.8967,0.1686,0.00010700000000000001,0.0006490000000000001,8e-06,0.0,0.0,0.0,60.06,52.812,17.988,16.87,20.104,17.997,0.91159,0.44141,0.8035899999999999,7.1418,5.0964,2.8977,0.17154,0.98951,0.25524,0.9184200000000001,12
0.68137,3.2394,4.2945,0.32682,1.0581,0.7466,1.1136,1.8546,0.16769,9e-05,0.000493,1e-06,0.0,0.0,0.0,55.852,52.885,14.325999999999999,17.663,19.942,17.105,0.5889300000000001,0.2499,1.1635,5.3977,4.3413,3.7062,0.16777,0.98949,0.24341,0.91917,12
0.64933,3.3202,4.3992,0.16127,1.0133,0.75658,1.1449,1.9132,0.16523,5e-06,0.00044500000000000003,1e-06,0.0,0.0,0.0,61.533,64.23,4.7876,21.206,20.015,11.822000000000001,0.7865800000000001,0.26648,3.2146,5.3348,4.4303,14.727,0.16465,0.9888100000000001,0.23471,0.91985,12
0.58665,3.36,4.6283,0.17835,1.0163,0.74948,1.1829,2.0033,0.1668,7.000000000000001e-06,0.000408,1e-06,0.0,0.0,0.0,61.602,59.503,6.7368,19.043,19.456,13.515,0.80497,0.18939,2.4966,5.4378,4.1333,9.9376,0.16525,0.98903,0.24436999999999998,0.9203899999999999,12
0.60454,2.7141,4.5593,0.70687,1.4137,0.71975,1.1986,1.9054,0.18417999999999998,0.0037619999999999997,0.001382,0.00010700000000000001,0.0,7.000000000000001e-06,0.0,65.189,69.255,15.568,20.457,20.313,20.462,0.49713999999999997,0.19619,1.3374,4.206,3.6266,4.1004,0.16139,0.9887600000000001,0.22418000000000002,0.9214899999999999,12
0.64144,3.0927,4.4262,0.38292,1.0825,0.73388,1.1784,1.8944,0.17085999999999998,0.000183,0.000588,1e-06,0.0,0.0,0.0,58.071000000000005,66.794,4.7264,25.673000000000002,21.234,13.395,0.49475,0.09148099999999999,4.0399,4.3977,4.0281,23.315,0.19025999999999998,0.98706,0.20861,0.9108299999999999,12
0.64288,3.0322,4.4212,0.45145,1.1207,0.74607,1.1897,1.9063,0.16863,0.000366,0.0006259999999999999,1e-05,0.0,0.0,0.0,60.231,67.027,4.6368,22.399,20.4,12.739,0.42457,0.16497,3.4877,4.3476,3.9299,16.53,0.16865,0.98887,0.23339000000000001,0.9183600000000001,12
0.6209100000000001,3.2018,4.4988,0.15291,1.0119,0.7441,1.2049,1.9403,0.168,4e-06,0.0005269999999999999,2e-06,0.0,0.0,0.0,67.643,63.24,11.290999999999999,18.491,20.705,17.361,0.77881,0.17517,1.7583,5.3299,3.9034,6.0018,0.16326,0.9892,0.23733,0.92114,12
0.78279,2.4995,4.0067,0.7624,1.5454,0.7762899999999999,1.1362,1.7241,0.17652,0.005229999999999999,1.9e-05,1e-06,0.0,0.0,0.0,66.447,62.173,16.875999999999998,18.124000000000002,18.928,21.910999999999998,0.57404,0.25295,1.1818,4.7128,4.239,3.4299,0.16925,0.98765,0.23806,0.92256,13
0.83009,2.6058,3.8908,0.73029,1.4638,0.77967,1.0897,1.6871,0.17210999999999999,0.003917,1e-05,0.0,0.0,0.0,0.0,68.09100000000001,61.931000000000004,34.523,15.66,17.474,19.961,0.6661100000000001,0.19097999999999998,0.12850999999999999,5.6021,4.4947,2.7614,0.20247,0.9833299999999999,0.21618,0.9060299999999999,13
0.83624,2.5274,3.8765,0.74603,1.5017,0.77941,1.105,1.6764,0.17382,0.004492,1e-06,0.0,0.0,0.0,0.0,64.54899999999999,56.038000000000004,28.493000000000002,15.927999999999999,18.684,21.244,0.91909,0.3197,0.41701000000000005,5.8237,4.1808,2.6244,0.19255,0.98585,0.23106999999999997,0.91074,13
0.763,2.5788,4.0583,0.7905399999999999,1.6329,0.77889,1.0869,1.7383,0.18017,0.006705,3.4e-05,2e-06,0.0,0.0,0.0,59.458,48.263999999999996,19.892,18.326,22.318,21.774,0.4951,0.13854,0.91259,4.5614,3.3092,2.9535,0.22455,0.9846799999999999,0.19858,0.89743,13
0.76198,2.58,4.061,0.79068,1.6334,0.77866,1.0868,1.7391,0.18024,0.006718000000000001,3.5e-05,2e-06,0.0,0.0,0.0,58.883,49.335,21.134,18.267,21.65,21.809,0.52396,0.16679000000000002,0.81555,4.5935,3.4596,2.7869,0.21902,0.9849600000000001,0.20531999999999997,0.89992,13
0.74945,2.6922,4.0948,0.7333,1.4708,0.77564,1.1045,1.7701,0.1733,0.004061,4e-06,0.0,0.0,0.0,0.0,66.702,47.57,9.3701,15.042,20.72,16.937,1.0199,0.29829,2.1806,6.2843,4.074,7.9875,0.20495,0.9849399999999999,0.2506,0.9107200000000001,13
0.75549,2.6258,4.0784,0.75427,1.5231,0.77536,1.1082,1.7566,0.1757,0.004879,1.2e-05,1e-06,0.0,0.0,0.0,65.10600000000001,48.57899999999999,23.967,15.14,20.375999999999998,20.886,0.9739399999999999,0.23256999999999997,0.64578,5.8152,3.8773,2.7838,0.1967,0.9866,0.23256999999999997,0.9107,13
0.74346,2.6191,4.1113,0.75885,1.5355,0.77561,1.1157,1.7695,0.17620999999999998,0.005077,2e-06,0.0,0.0,0.0,0.0,63.693000000000005,46.93600000000001,13.399000000000001,16.084,21.372,19.36,0.91043,0.3148,1.5858,5.3046,3.7122,5.0731,0.21386999999999998,0.9858399999999999,0.22529000000000002,0.9056299999999999,13
0.76784,2.7152,4.0455,0.73443,1.4734,0.77561,1.081,1.7485,0.17342,0.004101,7.000000000000001e-06,1e-06,0.0,0.0,0.0,75.947,62.926,28.857,16.222,18.965,22.869,0.71287,0.28805,0.6047600000000001,5.4239999999999995,4.7417,2.9373,0.22674,0.9802700000000001,0.20831999999999998,0.89981,13
0.72378,2.5697,4.1668,0.78771,1.6233,0.77308,1.119,1.7794,0.18104,0.006631000000000001,2.8000000000000003e-05,3e-06,0.0,0.0,0.0,64.536,58.422,9.7938,19.977999999999998,21.858,17.99,0.42991,0.15124,2.1279,4.4301,3.8965,7.6663,0.23381,0.9830200000000001,0.20924,0.90097,13
0.6988800000000001,2.5519,4.2404,0.79206,1.6381,0.77371,1.1420000000000001,1.8096,0.18164,0.0068920000000000006,6.4e-05,6e-06,0.0,0.0,0.0,64.91,57.211000000000006,15.790999999999999,17.180999999999997,19.168,20.86,0.64281,0.34253,1.2165,4.7469,4.0169999999999995,3.5838,0.15594,0.9895299999999999,0.25074,0.92884,13
0.76053,2.5835,4.0649,0.73783,1.4815,0.77408,1.1373,1.7542,0.17412,0.004241,9e-06,0.0,0.0,0.0,0.0,66.09100000000001,59.67100000000001,10.439,19.474,21.364,19.000999999999998,0.6175,0.22705999999999998,2.015,4.1883,3.7484,6.8147,0.20499,0.98601,0.22608000000000003,0.90941,13
0.7187399999999999,2.5668,4.1814,0.76976,1.5666,0.76712,1.1399,1.786,0.17964000000000002,0.00572,6.8e-05,7.000000000000001e-06,0.0,0.0,0.0,66.515,58.702,12.198,17.725,19.820999999999998,19.588,0.915,0.41223999999999994,1.7919999999999998,5.4246,4.5091,6.0713,0.19605999999999998,0.98667,0.24145,0.9146799999999999,13
0.7471,2.634,4.1012,0.7414,1.4902,0.77474,1.1227,1.7696,0.17435,0.004366,7.000000000000001e-06,1e-06,0.0,0.0,0.0,69.047,59.593,11.402999999999999,17.639,20.169,18.987000000000002,0.5854,0.14748,1.7752,4.5105,3.9509,5.78,0.19157000000000002,0.98649,0.23290999999999998,0.91575,13
0.8242700000000001,2.5887,3.9045,0.70796,1.4159,0.77883,1.1186,1.6972,0.1703,0.003243,1e-06,0.0,0.0,0.0,0.0,71.357,61.993,23.081,17.424,19.891,24.162,0.58409,0.23663,0.7814,4.465,3.8524,2.642,0.17898,0.9868899999999999,0.22508000000000003,0.91814,13
0.71234,2.3737,4.2001,0.82842,1.7854,0.77304,1.1643,1.7715,0.18963,0.009814,4.2e-05,6e-06,0.0,1e-06,0.0,68.337,60.047,22.168000000000003,18.274,20.997,24.416999999999998,0.50297,0.16743,0.82999,4.0837,3.5567,2.5868,0.1582,0.9893,0.23579,0.92885,13
0.69818,2.7388,4.2425,0.71157,1.4232,0.76462,1.1354,1.8264,0.17377,0.0034700000000000004,1e-06,0.0,0.0,0.0,0.0,67.641,60.535,13.759,18.691,20.252,20.796999999999997,0.6520199999999999,0.31881,1.5916,4.825,4.3437,5.0601,0.19447,0.98651,0.23684000000000002,0.91663,13
0.7923100000000001,2.5257,3.9825,0.7781100000000001,1.5919999999999999,0.77886,1.1029,1.7109,0.17815999999999999,0.005983,4e-06,0.0,0.0,0.0,0.0,62.125,48.842,15.65,15.972000000000001,20.439,19.457,1.0383,0.44088,1.2796,5.8421,3.9091,4.0833,0.22916,0.9845799999999999,0.22676,0.89612,13
0.8304600000000001,2.5969,3.89,0.72664,1.4556,0.7783399999999999,1.0954,1.6861,0.17205,0.0038090000000000003,0.0,0.0,0.0,0.0,0.0,56.683,45.958999999999996,12.081,19.373,23.29,19.491,0.8953399999999999,0.31358,1.9183,5.3426,3.5269999999999997,6.6426,0.26202,0.98303,0.19821,0.88484,13
0.8298700000000001,2.5531,3.8913,0.7520899999999999,1.5173,0.77869,1.0919,1.6803,0.17468,0.004745,3e-06,0.0,0.0,0.0,0.0,62.285,51.667,17.269000000000002,16.165,20.317,20.236,1.0047,0.2569,1.1587,6.0929,4.084,3.9021,0.21804,0.9849600000000001,0.22879000000000002,0.9023100000000001,13
0.8375600000000001,2.5122,3.8734,0.77058,1.569,0.77959,1.0868,1.6675,0.17687999999999998,0.005579,4e-06,0.0,0.0,0.0,0.0,61.551,49.667,24.226999999999997,16.276,20.589000000000002,21.135,1.0533,0.31622,0.68883,6.2967,4.0577,3.0403,0.23135,0.98388,0.22321,0.8959,13
0.73205,2.44,4.1432,0.80877,1.7003,0.77408,1.1457,1.7603,0.18477000000000002,0.008064,2.8999999999999997e-05,6e-06,0.0,1e-06,0.0,68.484,60.797,17.559,16.658,18.736,21.709,0.71648,0.30524,1.1973,4.876,4.1815,3.7817,0.1882,0.98667,0.23579,0.91651,13
0.76922,2.6607,4.0419,0.7228899999999999,1.4473,0.77871,1.1143,1.7533,0.17162,0.003684,4e-06,0.0,0.0,0.0,0.0,69.028,62.286,14.145,17.824,19.38,20.714000000000002,0.48421000000000003,0.13979,1.4795,4.4169,4.012,4.5869,0.19372,0.9854299999999999,0.22701999999999997,0.9136799999999999,13
